/blb X,/blb Y,/q X,/q Y,/qb X,/qb Y
0.9,0.9,0.9,0.4647224765865303,0.9,0.4647224765865304
0.899,0.899,0.899,0.4646952501662475,0.899,0.4647364903680191
0.898,0.898,0.898,0.4646679358673519,0.898,0.4647504121093912
0.897,0.897,0.897,0.464640625550143,0.897,0.4647643337297631
0.896,0.896,0.896,0.464613319174365,0.896,0.4647782552488587
0.895,0.895,0.895,0.4645860166989841,0.895,0.4647921766868106
0.894,0.894,0.894,0.4645587180821749,0.894,0.4648060980641655
0.893,0.893,0.893,0.4645314232813038,0.893,0.4648200194018945
0.892,0.892,0.892,0.4645041322529129,0.892,0.4648339407214019
0.891,0.891,0.891,0.4644768449527061,0.891,0.4648478620445307
0.89,0.89,0.89,0.4644495613355288,0.89,0.464861783393575
0.889,0.889,0.889,0.4644222813553551,0.889,0.4648757047912861
0.888,0.888,0.888,0.464395004965268,0.888,0.4648896262608835
0.887,0.887,0.887,0.4643677321174424,0.887,0.4649035478260623
0.886,0.886,0.886,0.4643404627631275,0.886,0.4649174695110051
0.885,0.885,0.885,0.4643131968526281,0.885,0.4649313913403889
0.884,0.884,0.884,0.464285934335286,0.884,0.4649453133393975
0.883,0.883,0.883,0.4642586751594613,0.883,0.4649592355337298
0.882,0.882,0.882,0.4642314192725116,0.882,0.464973157949611
0.881,0.881,0.881,0.4642041666207724,0.881,0.4649870806138041
0.88,0.88,0.88,0.4641769171495385,0.88,0.4650010035536182
0.879,0.879,0.879,0.4641496708030391,0.879,0.4650149267969224
0.878,0.878,0.878,0.4641224275244206,0.878,0.4650288503721546
0.877,0.877,0.877,0.4640951872557232,0.877,0.4650427743083342
0.876,0.876,0.876,0.4640679499378567,0.876,0.4650566986350751
0.875,0.875,0.875,0.4640407155105807,0.875,0.4650706233825955
0.874,0.874,0.874,0.4640134839124797,0.874,0.4650845485817307
0.873,0.873,0.873,0.4639862550809379,0.873,0.4650984742639486
0.872,0.872,0.872,0.463959028952118,0.872,0.4651124004613581
0.871,0.871,0.871,0.463931805460935,0.871,0.4651263272067243
0.87,0.87,0.87,0.4639045845410282,0.87,0.465140254533484
0.869,0.869,0.869,0.463877366124739,0.869,0.4651541824757561
0.868,0.868,0.868,0.4638501501430811,0.868,0.4651681110683579
0.867,0.867,0.867,0.4638229365257159,0.867,0.465182040346818
0.866,0.866,0.866,0.4637957252009221,0.866,0.4651959703473933
0.865,0.865,0.865,0.4637685160955693,0.865,0.4652099011070809
0.864,0.864,0.864,0.4637413091350875,0.864,0.465223832663637
0.863,0.863,0.863,0.4637141042434378,0.863,0.4652377650555889
0.862,0.862,0.862,0.4636869013430814,0.862,0.4652516983222557
0.861,0.861,0.861,0.4636597003549495,0.861,0.4652656325037601
0.86,0.86,0.86,0.4636325011984099,0.86,0.4652795676410482
0.859,0.859,0.859,0.4636053037912361,0.859,0.4652935037759065
0.858,0.858,0.858,0.463578108049572,0.858,0.4653074409509788
0.857,0.857,0.857,0.4635509138878984,0.857,0.4653213792097841
0.856,0.856,0.856,0.4635237212189999,0.856,0.4653353185967359
0.855,0.855,0.855,0.4634965299539257,0.855,0.4653492591571613
0.854,0.854,0.854,0.4634693400019553,0.854,0.4653632009373194
0.853,0.853,0.853,0.463442151270561,0.853,0.4653771439844219
0.852,0.852,0.852,0.4634149636653686,0.852,0.4653910883466526
0.851,0.851,0.851,0.4633877770901187,0.851,0.4654050340731895
0.85,0.85,0.85,0.4633605914466271,0.85,0.4654189812142243
0.849,0.849,0.849,0.4633334066347419,0.849,0.4654329298209859
0.848,0.848,0.848,0.4633062225523027,0.848,0.4654468799457621
0.847,0.847,0.847,0.463279039095099,0.847,0.4654608316419209
0.846,0.846,0.846,0.4632518561568233,0.846,0.4654747849639359
0.845,0.845,0.845,0.463224673629027,0.845,0.4654887399674103
0.844,0.844,0.844,0.463197491401076,0.844,0.465502696709098
0.843,0.843,0.843,0.4631703093600996,0.843,0.4655166552469345
0.842,0.842,0.842,0.4631431273909455,0.842,0.4655306156400568
0.841,0.841,0.841,0.4631159453761297,0.841,0.4655445779488324
0.84,0.84,0.84,0.4630887631957843,0.84,0.4655585422348861
0.839,0.839,0.839,0.4630615807276063,0.839,0.4655725085611271
0.838,0.838,0.838,0.4630343978468043,0.838,0.4655864769917785
0.837,0.837,0.837,0.4630072144260441,0.837,0.4656004475924038
0.836,0.836,0.836,0.4629800303353921,0.836,0.4656144204299388
0.835,0.835,0.835,0.4629528454422602,0.835,0.4656283955727192
0.834,0.834,0.834,0.4629256596113443,0.834,0.4656423730905159
0.833,0.833,0.833,0.462898472704566,0.833,0.4656563530545625
0.832,0.832,0.832,0.4628712845810117,0.832,0.4656703355375901
0.831,0.831,0.831,0.4628440950968674,0.831,0.4656843206138607
0.83,0.83,0.83,0.4628169041053553,0.83,0.4656983083592018
0.829,0.829,0.829,0.4627897114566701,0.829,0.4657122988510374
0.828,0.828,0.828,0.4627625169979061,0.828,0.465726292168432
0.827,0.827,0.827,0.462735320572992,0.827,0.4657402883921191
0.826,0.826,0.826,0.4627081220226178,0.826,0.4657542876045441
0.825,0.825,0.825,0.4626809211841631,0.825,0.4657682898899008
0.824,0.824,0.824,0.4626537178916214,0.824,0.4657822953341716
0.823,0.823,0.823,0.4626265119755231,0.823,0.465796304025169
0.822,0.822,0.822,0.4625993032628579,0.822,0.4658103160525757
0.821,0.821,0.821,0.4625720915769947,0.821,0.4658243315079881
0.82,0.82,0.82,0.4625448767375969,0.82,0.4658383504849611
0.819,0.819,0.819,0.4625176585605408,0.819,0.4658523730790504
0.8179999999999999,0.8179999999999999,0.8179999999999999,0.4624904368578264,0.8179999999999999,0.4658663993878611
0.8169999999999999,0.8169999999999999,0.8169999999999999,0.46246321143749,0.8169999999999999,0.4658804295110935
0.8159999999999999,0.8159999999999999,0.8159999999999999,0.4624359821035116,0.8159999999999999,0.4658944635505923
0.8149999999999999,0.8149999999999999,0.8149999999999999,0.4624087486557228,0.8149999999999999,0.4659085016103953
0.8139999999999999,0.8139999999999999,0.8139999999999999,0.4623815108897112,0.8139999999999999,0.4659225437967849
0.8129999999999999,0.8129999999999999,0.8129999999999999,0.4623542685967184,0.8129999999999999,0.4659365902183414
0.8119999999999999,0.8119999999999999,0.8119999999999999,0.4623270215635451,0.8119999999999999,0.4659506409859936
0.8109999999999999,0.8109999999999999,0.8109999999999999,0.4622997695724432,0.8109999999999999,0.4659646962130771
0.8099999999999999,0.8099999999999999,0.8099999999999999,0.4622725124010096,0.8099999999999999,0.4659787560153881
0.8089999999999999,0.8089999999999999,0.8089999999999999,0.4622452498220805,0.8089999999999999,0.4659928205112429
0.8079999999999999,0.8079999999999999,0.8079999999999999,0.4622179816036179,0.8079999999999999,0.4660068898215359
0.8069999999999999,0.8069999999999999,0.8069999999999999,0.4621907075085938,0.8069999999999999,0.4660209640698019
0.8059999999999999,0.8059999999999999,0.8059999999999999,0.4621634272948741,0.8059999999999999,0.4660350433822775
0.8049999999999999,0.8049999999999999,0.8049999999999999,0.4621361407151005,0.8049999999999999,0.4660491278879642
0.8039999999999999,0.8039999999999999,0.8039999999999999,0.4621088475165602,0.8039999999999999,0.4660632177186974
0.8029999999999999,0.8029999999999999,0.8029999999999999,0.4620815474410638,0.8029999999999999,0.4660773130092113
0.8019999999999999,0.8019999999999999,0.8019999999999999,0.4620542402248162,0.8019999999999999,0.4660914138972075
0.8009999999999999,0.8009999999999999,0.8009999999999999,0.4620269255982787,0.8009999999999999,0.4661055205234286
0.7999999999999999,0.7999999999999999,0.7999999999999999,0.4619996032860332,0.7999999999999999,0.4661196330317297
0.7989999999999999,0.7989999999999999,0.7989999999999999,0.4619722730066432,0.7989999999999999,0.4661337515691532
0.7979999999999999,0.7979999999999999,0.7979999999999999,0.4619449344725067,0.7979999999999999,0.466147876286006
0.7969999999999999,0.7969999999999999,0.7969999999999999,0.4619175873897081,0.7969999999999999,0.4661620073359396
0.7959999999999999,0.7959999999999999,0.7959999999999999,0.4618902314578681,0.7959999999999999,0.4661761448760282
0.7949999999999999,0.7949999999999999,0.7949999999999999,0.4618628663699841,0.7949999999999999,0.4661902890668552
0.7939999999999999,0.7939999999999999,0.7939999999999999,0.4618354918122706,0.7939999999999999,0.4662044400725969
0.7929999999999999,0.7929999999999999,0.7929999999999999,0.4618081074639943,0.7929999999999999,0.4662185980611113
0.7919999999999999,0.7919999999999999,0.7919999999999999,0.4617807129973063,0.7919999999999999,0.4662327632040259
0.7909999999999999,0.7909999999999999,0.7909999999999999,0.4617533080770646,0.7909999999999999,0.4662469356768336
0.7899999999999999,0.7899999999999999,0.7899999999999999,0.4617258923606587,0.7899999999999999,0.4662611156589853
0.7889999999999999,0.7889999999999999,0.7889999999999999,0.4616984654978236,0.7889999999999999,0.4662753033339893
0.7879999999999999,0.7879999999999999,0.7879999999999999,0.4616710271304525,0.7879999999999999,0.4662894988895098
0.7869999999999999,0.7869999999999999,0.7869999999999999,0.4616435768924021,0.7869999999999999,0.4663037025174727
0.7859999999999999,0.7859999999999999,0.7859999999999999,0.4616161144092966,0.7859999999999999,0.4663179144141673
0.7849999999999999,0.7849999999999999,0.7849999999999999,0.4615886392983189,0.7849999999999999,0.4663321347803598
0.7839999999999999,0.7839999999999999,0.7839999999999999,0.4615611511680026,0.7839999999999999,0.4663463638214029
0.7829999999999999,0.7829999999999999,0.7829999999999999,0.461533649618017,0.7829999999999999,0.4663606017473499
0.7819999999999999,0.7819999999999999,0.7819999999999999,0.4615061342389455,0.7819999999999999,0.4663748487730738
0.7809999999999999,0.7809999999999999,0.7809999999999999,0.461478604612055,0.7809999999999999,0.4663891051183893
0.7799999999999999,0.7799999999999999,0.7799999999999999,0.4614510603090641,0.7799999999999999,0.4664033710081768
0.7789999999999999,0.7789999999999999,0.7789999999999999,0.4614235008919023,0.7789999999999999,0.4664176466725101
0.7779999999999999,0.7779999999999999,0.7779999999999999,0.4613959259124618,0.7779999999999999,0.4664319323467891
0.7769999999999999,0.7769999999999999,0.7769999999999999,0.4613683349123424,0.7769999999999999,0.4664462282718755
0.7759999999999999,0.7759999999999999,0.7759999999999999,0.4613407274225929,0.7759999999999999,0.4664605346942307
0.7749999999999999,0.7749999999999999,0.7749999999999999,0.4613131029634381,0.7749999999999999,0.466474851866061
0.7739999999999999,0.7739999999999999,0.7739999999999999,0.4612854610440075,0.7739999999999999,0.466489180045463
0.7729999999999999,0.7729999999999999,0.7729999999999999,0.4612578011620465,0.7729999999999999,0.4665035194965765
0.7719999999999999,0.7719999999999999,0.7719999999999999,0.4612301228036266,0.7719999999999999,0.4665178704897401
0.7709999999999999,0.7709999999999999,0.7709999999999999,0.4612024254428455,0.7709999999999999,0.4665322333016501
0.7699999999999999,0.7699999999999999,0.7699999999999999,0.4611747085415154,0.7699999999999999,0.4665466082155267
0.7689999999999999,0.7689999999999999,0.7689999999999999,0.4611469715488489,0.7689999999999999,0.4665609955212834
0.7679999999999999,0.7679999999999999,0.7679999999999999,0.461119213901129,0.7679999999999999,0.4665753955156996
0.7669999999999999,0.7669999999999999,0.7669999999999999,0.4610914350213747,0.7669999999999999,0.4665898085026029
0.7659999999999999,0.7659999999999999,0.7659999999999999,0.4610636343189942,0.7659999999999999,0.4666042347930507
0.7649999999999999,0.7649999999999999,0.7649999999999999,0.4610358111894302,0.7649999999999999,0.4666186747055218
0.7639999999999999,0.7639999999999999,0.7639999999999999,0.4610079650137909,0.7639999999999999,0.4666331285661123
0.7629999999999999,0.7629999999999999,0.7629999999999999,0.4609800951584785,0.7629999999999999,0.4666475967087338
0.7619999999999999,0.7619999999999999,0.7619999999999999,0.4609522009747976,0.7619999999999999,0.4666620794753226
0.7609999999999999,0.7609999999999999,0.7609999999999999,0.4609242817985554,0.7609999999999999,0.466676577216054
0.7599999999999999,0.7599999999999999,0.7599999999999999,0.460896336949657,0.7599999999999999,0.4666910902895565
0.7589999999999999,0.7589999999999999,0.7589999999999999,0.4608683657316767,0.7589999999999999,0.4667056190631423
0.7579999999999999,0.7579999999999999,0.7579999999999999,0.4608403674314264,0.7579999999999999,0.4667201639130376
0.7569999999999999,0.7569999999999999,0.7569999999999999,0.4608123413185077,0.7569999999999999,0.466734725224621
0.7559999999999999,0.7559999999999999,0.7559999999999999,0.4607842866448508,0.7559999999999999,0.4667493033926711
0.7549999999999999,0.7549999999999999,0.7549999999999999,0.4607562026442416,0.7549999999999999,0.4667638988216175
0.7539999999999999,0.7539999999999999,0.7539999999999999,0.4607280885318296,0.7539999999999999,0.4667785119258057
0.7529999999999999,0.7529999999999999,0.7529999999999999,0.4606999435036307,0.7529999999999999,0.466793143129761
0.7519999999999999,0.7519999999999999,0.7519999999999999,0.4606717667360058,0.7519999999999999,0.4668077928684685
0.7509999999999999,0.7509999999999999,0.7509999999999999,0.4606435573851265,0.7509999999999999,0.4668224615876588
0.7499999999999999,0.7499999999999999,0.7499999999999999,0.4606153145864311,0.7499999999999999,0.466837149744097
0.7489999999999999,0.7489999999999999,0.7489999999999999,0.4605870374540545,0.7489999999999999,0.4668518578058893
0.7479999999999999,0.7479999999999999,0.7479999999999999,0.4605587250802486,0.7479999999999999,0.4668665862527939
0.7469999999999999,0.7469999999999999,0.7469999999999999,0.4605303765347797,0.7469999999999999,0.4668813355765404
0.7459999999999999,0.7459999999999999,0.7459999999999999,0.460501990864314,0.7459999999999999,0.466896106281161
0.7449999999999999,0.7449999999999999,0.7449999999999999,0.4604735670917786,0.7449999999999999,0.4669108988833313
0.7439999999999999,0.7439999999999999,0.7439999999999999,0.4604451042157065,0.7439999999999999,0.4669257139127215
0.7429999999999999,0.7429999999999999,0.7429999999999999,0.46041660120956,0.7429999999999999,0.466940551912358
0.7419999999999999,0.7419999999999999,0.7419999999999999,0.4603880570210355,0.7419999999999999,0.4669554134389956
0.7409999999999999,0.7409999999999999,0.7409999999999999,0.4603594705713453,0.7409999999999999,0.4669702990635024
0.7399999999999999,0.7399999999999999,0.7399999999999999,0.4603308407544787,0.7399999999999999,0.4669852093712553
0.7389999999999999,0.7389999999999999,0.7389999999999999,0.4603021664364393,0.7389999999999999,0.4670001449625489
0.7379999999999999,0.7379999999999999,0.7379999999999999,0.4602734464544593,0.7379999999999999,0.4670151064530154
0.7369999999999999,0.7369999999999999,0.7369999999999999,0.4602446796161905,0.7369999999999999,0.4670300944740585
0.7359999999999999,0.7359999999999999,0.7359999999999999,0.4602158646988694,0.7359999999999999,0.4670451096733029
0.7349999999999999,0.7349999999999999,0.7349999999999999,0.4601870004484577,0.7349999999999999,0.4670601527150503
0.7339999999999999,0.7339999999999999,0.7339999999999999,0.4601580855787524,0.7339999999999999,0.4670752242807616
0.7329999999999999,0.7329999999999999,0.7329999999999999,0.4601291187704746,0.7329999999999999,0.4670903250695421
0.7319999999999999,0.7319999999999999,0.7319999999999999,0.460100098670325,0.7319999999999999,0.467105455798649
0.7309999999999999,0.7309999999999999,0.7309999999999999,0.4600710238900103,0.7309999999999999,0.4671206172040143
0.7299999999999999,0.7299999999999999,0.7299999999999999,0.4600418930052431,0.7299999999999999,0.4671358100407801
0.7289999999999999,0.7289999999999999,0.7289999999999999,0.4600127045547043,0.7289999999999999,0.467151035083857
0.7279999999999999,0.7279999999999999,0.7279999999999999,0.4599834570389795,0.7279999999999999,0.4671662931284931
0.7269999999999999,0.7269999999999999,0.7269999999999999,0.4599541489194572,0.7269999999999999,0.4671815849908666
0.7259999999999999,0.7259999999999999,0.7259999999999999,0.4599247786171928,0.7259999999999999,0.4671969115086958
0.7249999999999999,0.7249999999999999,0.7249999999999999,0.459895344511741,0.7249999999999999,0.4672122735418655
0.7239999999999999,0.7239999999999999,0.7239999999999999,0.4598658449399455,0.7239999999999999,0.467227671973078
0.7229999999999999,0.7229999999999999,0.7229999999999999,0.4598362781946928,0.7229999999999999,0.4672431077085217
0.7219999999999999,0.7219999999999999,0.7219999999999999,0.4598066425236282,0.7219999999999999,0.4672585816785618
0.7209999999999999,0.7209999999999999,0.7209999999999999,0.4597769361278286,0.7209999999999999,0.4672740948384534
0.7199999999999999,0.7199999999999999,0.7199999999999999,0.4597471571604317,0.7199999999999999,0.4672896481690789
0.7189999999999999,0.7189999999999999,0.7189999999999999,0.4597173037252265,0.7189999999999999,0.4673052426777049
0.7179999999999999,0.7179999999999999,0.7179999999999999,0.4596873738751935,0.7179999999999999,0.4673208793987686
0.7169999999999999,0.7169999999999999,0.7169999999999999,0.4596573656110002,0.7169999999999999,0.467336559394687
0.7159999999999999,0.7159999999999999,0.7159999999999999,0.4596272768794478,0.7159999999999999,0.4673522837566921
0.7149999999999999,0.7149999999999999,0.7149999999999999,0.4595971055718696,0.7149999999999999,0.4673680536056941
0.7139999999999999,0.7139999999999999,0.7139999999999999,0.4595668495224748,0.7139999999999999,0.4673838700931718
0.7129999999999999,0.7129999999999999,0.7129999999999999,0.459536506506641,0.7129999999999999,0.4673997344020937
0.7119999999999999,0.7119999999999999,0.7119999999999999,0.4595060742391513,0.7119999999999999,0.4674156477478664
0.7109999999999999,0.7109999999999999,0.7109999999999999,0.4594755503723717,0.7109999999999999,0.4674316113793175
0.7099999999999999,0.7099999999999999,0.7099999999999999,0.459444932494375,0.7099999999999999,0.4674476265797061
0.7089999999999999,0.7089999999999999,0.7089999999999999,0.4594142181269957,0.7089999999999999,0.4674636946677721
0.7079999999999999,0.7079999999999999,0.7079999999999999,0.4593834047238288,0.7079999999999999,0.4674798169988162
0.7069999999999999,0.7069999999999999,0.7069999999999999,0.4593524896681597,0.7069999999999999,0.4674959949658133
0.7059999999999998,0.7059999999999998,0.7059999999999998,0.4593214702708276,0.7059999999999998,0.4675122300005702
0.7049999999999998,0.7049999999999998,0.7049999999999998,0.4592903437680175,0.7049999999999998,0.4675285235749131
0.7039999999999998,0.7039999999999998,0.7039999999999998,0.4592591073189821,0.7039999999999998,0.4675448772019206
0.7029999999999998,0.7029999999999998,0.7029999999999998,0.4592277580036863,0.7029999999999998,0.4675612924371947
0.7019999999999998,0.7019999999999998,0.7019999999999998,0.4591962928203796,0.7019999999999998,0.4675777708801714
0.7009999999999998,0.7009999999999998,0.7009999999999998,0.4591647086830803,0.7009999999999998,0.4675943141754827
0.6999999999999998,0.6999999999999998,0.6999999999999998,0.4591330024189856,0.6999999999999998,0.4676109240143545
0.6989999999999998,0.6989999999999998,0.6989999999999998,0.4591011707657893,0.6989999999999998,0.4676276021360589
0.6979999999999998,0.6979999999999998,0.6979999999999998,0.4590692103689169,0.6979999999999998,0.4676443503294086
0.6969999999999998,0.6969999999999998,0.6969999999999998,0.459037117778665,0.6969999999999998,0.4676611704343058
0.6959999999999998,0.6959999999999998,0.6959999999999998,0.4590048894472487,0.6959999999999998,0.4676780643433414
0.6949999999999998,0.6949999999999998,0.6949999999999998,0.4589725217257502,0.6949999999999998,0.4676950340034454
0.6939999999999998,0.6939999999999998,0.6939999999999998,0.4589400108609671,0.6939999999999998,0.4677120814175966
0.6929999999999998,0.6929999999999998,0.6929999999999998,0.458907352992156,0.6929999999999998,0.4677292086465868
0.6919999999999998,0.6919999999999998,0.6919999999999998,0.4588745441476685,0.6919999999999998,0.4677464178108443
0.6909999999999998,0.6909999999999998,0.6909999999999998,0.4588415802414767,0.6909999999999998,0.4677637110923186
0.6899999999999998,0.6899999999999998,0.6899999999999998,0.458808457069579,0.6899999999999998,0.467781090736432
0.6889999999999998,0.6889999999999998,0.6889999999999998,0.4587751703062935,0.6889999999999998,0.4677985590540909
0.6879999999999998,0.6879999999999998,0.6879999999999998,0.4587417155004263,0.6879999999999998,0.4678161184237661
0.6869999999999998,0.6869999999999998,0.6869999999999998,0.4587080880713069,0.6869999999999998,0.467833771293648
0.6859999999999998,0.6859999999999998,0.6859999999999998,0.4586742833047,0.6859999999999998,0.4678515201838688
0.6849999999999998,0.6849999999999998,0.6849999999999998,0.4586402963485787,0.6849999999999998,0.4678693676888013
0.6839999999999998,0.6839999999999998,0.6839999999999998,0.4586061222087561,0.6839999999999998,0.4678873164794351
0.6829999999999998,0.6829999999999998,0.6829999999999998,0.4585717557443756,0.6829999999999998,0.4679053693058318
0.6819999999999998,0.6819999999999998,0.6819999999999998,0.4585371916632466,0.6819999999999998,0.4679235289996669
0.6809999999999998,0.6809999999999998,0.6809999999999998,0.4585024245170337,0.6809999999999998,0.4679417984768474
0.6799999999999998,0.6799999999999998,0.6799999999999998,0.4584674486962779,0.6799999999999998,0.4679601807402313
0.6789999999999998,0.6789999999999998,0.6789999999999998,0.4584322584252598,0.6789999999999998,0.4679786788824253
0.6779999999999998,0.6779999999999998,0.6779999999999998,0.4583968477566912,0.6779999999999998,0.4679972960886856
0.6769999999999998,0.6769999999999998,0.6769999999999998,0.4583612105662325,0.6769999999999998,0.4680160356399089
0.6759999999999998,0.6759999999999998,0.6759999999999998,0.4583253405468272,0.6759999999999998,0.4680349009157301
0.6749999999999998,0.6749999999999998,0.6749999999999998,0.4582892312028535,0.6749999999999998,0.4680538953977197
0.6739999999999998,0.6739999999999998,0.6739999999999998,0.4582528758440835,0.6739999999999998,0.4680730226726882
0.6729999999999998,0.6729999999999998,0.6729999999999998,0.4582162675794432,0.6729999999999998,0.4680922864361018
0.6719999999999998,0.6719999999999998,0.6719999999999998,0.4581793993105693,0.6719999999999998,0.4681116904956132
0.6709999999999998,0.6709999999999998,0.6709999999999998,0.4581422637251574,0.6709999999999998,0.4681312387747061
0.6699999999999998,0.6699999999999998,0.6699999999999998,0.4581048532900959,0.6699999999999998,0.4681509353164625
0.6689999999999998,0.6689999999999998,0.6689999999999998,0.4580671602443701,0.6689999999999998,0.4681707842874578
0.6679999999999998,0.6679999999999998,0.6679999999999998,0.4580291765917474,0.6679999999999998,0.4681907899817783
0.6669999999999998,0.6669999999999998,0.6669999999999998,0.4579908940932198,0.6669999999999998,0.4682109568251762
0.6659999999999998,0.6659999999999998,0.6659999999999998,0.4579523042592079,0.6659999999999998,0.4682312893793591
0.6649999999999998,0.6649999999999998,0.6649999999999998,0.4579133983415159,0.6649999999999998,0.4682517923464182
0.6639999999999998,0.6639999999999998,0.6639999999999998,0.457874167325029,0.6639999999999998,0.4682724705734051
0.6629999999999998,0.6629999999999998,0.6629999999999998,0.4578346019191516,0.6629999999999998,0.4682933290570522
0.6619999999999998,0.6619999999999998,0.6619999999999998,0.4577946925489745,0.6619999999999998,0.4683143729486489
0.6609999999999998,0.6609999999999998,0.6609999999999998,0.4577544293461669,0.6609999999999998,0.4683356075590746
0.6599999999999998,0.6599999999999998,0.6599999999999998,0.457713802139583,0.6599999999999998,0.4683570383639928
0.6589999999999998,0.6589999999999998,0.6589999999999998,0.4576728004455841,0.6589999999999998,0.4683786710092073
0.6579999999999998,0.6579999999999998,0.6579999999999998,0.457631413458056,0.6579999999999998,0.4684005113161959
0.6569999999999998,0.6569999999999998,0.6569999999999998,0.4575896300381332,0.6569999999999998,0.4684225652878075
0.6559999999999998,0.6559999999999998,0.6559999999999998,0.4575474387036025,0.6559999999999998,0.4684448391141481
0.6549999999999998,0.6549999999999998,0.6549999999999998,0.4575048276179964,0.6549999999999998,0.4684673391786435
0.6539999999999998,0.6539999999999998,0.6539999999999998,0.4574617845793618,0.6539999999999998,0.4684900720642879
0.6529999999999998,0.6529999999999998,0.6529999999999998,0.457418297008698,0.6529999999999998,0.4685130445600889
0.6519999999999998,0.6519999999999998,0.6519999999999998,0.4573743519380613,0.6519999999999998,0.4685362636677025
0.6509999999999998,0.6509999999999998,0.6509999999999998,0.457329935998326,0.6509999999999998,0.4685597366082694
0.6499999999999998,0.6499999999999998,0.6499999999999998,0.4572850354066006,0.6499999999999998,0.4685834708294559
0.6489999999999998,0.6489999999999998,0.6489999999999998,0.4572396359532919,0.6489999999999998,0.468607474012697
0.6479999999999998,0.6479999999999998,0.6479999999999998,0.4571937229888141,0.6479999999999998,0.4686317540806554
0.6469999999999998,0.6469999999999998,0.6469999999999998,0.4571472814099339,0.6469999999999998,0.468656319204889
0.6459999999999998,0.6459999999999998,0.6459999999999998,0.4571002956457565,0.6459999999999998,0.4686811778137405
0.6449999999999998,0.6449999999999998,0.6449999999999998,0.4570527496433415,0.6449999999999998,0.4687063386004414
0.6439999999999998,0.6439999999999998,0.6439999999999998,0.457004626852953,0.6439999999999998,0.4687318105314418
0.6429999999999998,0.6429999999999998,0.6429999999999998,0.4569559102129353,0.6429999999999998,0.4687576028549628
0.6419999999999998,0.6419999999999998,0.6419999999999998,0.4569065821342239,0.6419999999999998,0.4687837251097762
0.6409999999999998,0.6409999999999998,0.6409999999999998,0.4568566244844806,0.6409999999999998,0.468810187134211
0.6399999999999998,0.6399999999999998,0.6399999999999998,0.4568060185718659,0.6399999999999998,0.4688369990753859
0.6389999999999998,0.6389999999999998,0.6389999999999998,0.4567547451284419,0.6389999999999998,0.4688641713986748
0.6379999999999998,0.6379999999999998,0.6379999999999998,0.4567027842932174,0.6379999999999998,0.468891714897396
0.6369999999999998,0.6369999999999998,0.6369999999999998,0.4566501155948368,0.6369999999999998,0.4689196407027292
0.6359999999999998,0.6359999999999998,0.6359999999999998,0.4565967179339213,0.6359999999999998,0.4689479602938587
0.6349999999999998,0.6349999999999998,0.6349999999999998,0.4565425695650745,0.6349999999999998,0.4689766855083367
0.6339999999999998,0.6339999999999998,0.6339999999999998,0.4564876480785585,0.6339999999999998,0.4690058285526648
0.6329999999999998,0.6329999999999998,0.6329999999999998,0.4564319303816575,0.6329999999999998,0.4690354020130919
0.6319999999999998,0.6319999999999998,0.6319999999999998,0.4563753926797481,0.6319999999999998,0.4690654188666107
0.6309999999999998,0.6309999999999998,0.6309999999999998,0.4563180104570857,0.6309999999999998,0.4690958924921674
0.6299999999999998,0.6299999999999998,0.6299999999999998,0.4562597584573366,0.6299999999999998,0.4691268366820494
0.6289999999999998,0.6289999999999998,0.6289999999999998,0.4562006106638757,0.6289999999999998,0.4691582656534641
0.6279999999999998,0.6279999999999998,0.6279999999999998,0.4561405402798812,0.6279999999999998,0.4691901940602795
0.6269999999999998,0.6269999999999998,0.6269999999999998,0.4560795197082508,0.6269999999999998,0.4692226370049285
0.6259999999999998,0.6259999999999998,0.6259999999999998,0.4560175205313822,0.6259999999999998,0.4692556100504448
0.6249999999999998,0.6249999999999998,0.6249999999999998,0.4559545134908496,0.6249999999999998,0.4692891292326296
0.6239999999999998,0.6239999999999998,0.6239999999999998,0.455890468467025,0.6239999999999998,0.4693232110723166
0.6229999999999998,0.6229999999999998,0.6229999999999998,0.4558253544586877,0.6229999999999998,0.4693578725877206
0.6219999999999998,0.6219999999999998,0.6219999999999998,0.4557591395626802,0.6219999999999998,0.4693931313068405
0.6209999999999998,0.6209999999999998,0.6209999999999998,0.4556917909536597,0.6209999999999998,0.4694290052798952
0.6199999999999998,0.6199999999999998,0.6199999999999998,0.4556232748640203,0.6199999999999998,0.4694655130917544
0.6189999999999998,0.6189999999999998,0.6189999999999998,0.4555535565640452,0.6189999999999998,0.4695026738743387
0.6179999999999998,0.6179999999999998,0.6179999999999998,0.4554826003423736,0.6179999999999998,0.4695405073189441
0.6169999999999998,0.6169999999999998,0.6169999999999998,0.4554103694868546,0.6169999999999998,0.4695790336884624
0.6159999999999998,0.6159999999999998,0.6159999999999998,0.4553368262658901,0.6159999999999998,0.4696182738294397
0.6149999999999998,0.6149999999999998,0.6149999999999998,0.4552619319103537,0.6149999999999998,0.4696582491839355
0.6139999999999998,0.6139999999999998,0.6139999999999998,0.4551856465961935,0.6139999999999998,0.4696989818011282
0.6129999999999998,0.6129999999999998,0.6129999999999998,0.4551079294278321,0.6129999999999998,0.469740494348609
0.6119999999999998,0.6119999999999998,0.6119999999999998,0.4550287384224861,0.6119999999999998,0.4697828101233024
0.6109999999999998,0.6109999999999998,0.6109999999999998,0.4549480304955283,0.6109999999999998,0.4698259530619554
0.6099999999999998,0.6099999999999998,0.6099999999999998,0.4548657614470409,0.6099999999999998,0.4698699477511146
0.6089999999999998,0.6089999999999998,0.6089999999999998,0.4547818859496983,0.6089999999999998,0.469914819436523
0.6079999999999998,0.6079999999999998,0.6079999999999998,0.4546963575381402,0.6079999999999998,0.4699605940318572
0.6069999999999998,0.6069999999999998,0.6069999999999998,0.4546091286000012,0.6069999999999998,0.4700072981267139
0.6059999999999998,0.6059999999999998,0.6059999999999998,0.4545201503687764,0.6059999999999998,0.4700549589937536
0.6049999999999998,0.6049999999999998,0.6049999999999998,0.4544293729186984,0.6049999999999998,0.4701036045949182
0.6039999999999998,0.6039999999999998,0.6039999999999998,0.4543367451618331,0.6039999999999998,0.4701532635865999
0.6029999999999998,0.6029999999999998,0.6029999999999998,0.454242214847588,0.6029999999999998,0.4702039653236716
0.6019999999999998,0.6019999999999998,0.6019999999999998,0.4541457285648567,0.6019999999999998,0.4702557398622541
0.6009999999999998,0.6009999999999998,0.6009999999999998,0.4540472317470092,0.6009999999999998,0.4703086179611097
0.5999999999999998,0.5999999999999998,0.5999999999999998,0.4539466686799704,0.5999999999999998,0.4703626310815337
0.5989999999999998,0.5989999999999998,0.5989999999999998,0.4538439825136178,0.5989999999999998,0.470417811385616
0.5979999999999998,0.5979999999999998,0.5979999999999998,0.4537391152767408,0.5979999999999998,0.4704741917327455
0.5969999999999998,0.5969999999999998,0.5969999999999998,0.4536320078958173,0.5969999999999998,0.4705318056742108
0.5959999999999998,0.5959999999999998,0.5959999999999998,0.4535226002178564,0.5959999999999998,0.4705906874457694
0.5949999999999998,0.5949999999999998,0.5949999999999998,0.453410831037566,0.5949999999999998,0.4706508719580311
0.5939999999999998,0.5939999999999998,0.5939999999999998,0.4532966381290954,0.5939999999999998,0.4707123947845228
0.5929999999999997,0.5929999999999997,0.5929999999999997,0.4531799582826228,0.5929999999999997,0.4707752921472768
0.5919999999999997,0.5919999999999997,0.5919999999999997,0.4530607273460213,0.5919999999999997,0.4708396008998133
0.5909999999999997,0.5909999999999997,0.5909999999999997,0.4529388802718625,0.5909999999999997,0.4709053585073591
0.5899999999999997,0.5899999999999997,0.5899999999999997,0.4528143511699853,0.5899999999999997,0.4709726030241756
0.5889999999999997,0.5889999999999997,0.5889999999999997,0.4526870733658575,0.5889999999999997,0.4710413730678511
0.5879999999999997,0.5879999999999997,0.5879999999999997,0.4525569794649249,0.5879999999999997,0.4711117077904451
0.5869999999999997,0.5869999999999997,0.5869999999999997,0.4524240014231479,0.5869999999999997,0.4711836468463452
0.5859999999999997,0.5859999999999997,0.5859999999999997,0.4522880706238652,0.5859999999999997,0.4712572303567572
0.5849999999999997,0.5849999999999997,0.5849999999999997,0.4521491179611238,0.5849999999999997,0.4713324988707112
0.5839999999999997,0.5839999999999997,0.5839999999999997,0.4520070739295603,0.5839999999999997,0.4714094933225297
0.5829999999999997,0.5829999999999997,0.5829999999999997,0.4518618687208784,0.5829999999999997,0.4714882549856938
0.5819999999999997,0.5819999999999997,0.5819999999999997,0.4517134323269253,0.5819999999999997,0.4715688254230793
0.5809999999999997,0.5809999999999997,0.5809999999999997,0.4515616946493076,0.5809999999999997,0.4716512464335655
0.5799999999999997,0.5799999999999997,0.5799999999999997,0.451406585615427,0.5799999999999997,0.4717355599950425
0.5789999999999997,0.5789999999999997,0.5789999999999997,0.4512480353007525,0.5789999999999997,0.4718218082038787
0.5779999999999997,0.5779999999999997,0.5779999999999997,0.4510859740570579,0.5779999999999997,0.4719100332109623
0.5769999999999997,0.5769999999999997,0.5769999999999997,0.4509203326462862,0.5769999999999997,0.4720002771544515
0.5759999999999997,0.5759999999999997,0.5759999999999997,0.4507510423796004,0.5759999999999997,0.4720925820894382
0.5749999999999997,0.5749999999999997,0.5749999999999997,0.4505780352610902,0.5749999999999997,0.4721869899147644
0.5739999999999997,0.5739999999999997,0.5739999999999997,0.4504012441355051,0.5739999999999997,0.4722835422972901
0.5729999999999997,0.5729999999999997,0.5729999999999997,0.4502206028392738,0.5729999999999997,0.4723822805939742
0.5719999999999997,0.5719999999999997,0.5719999999999997,0.4500360463539664,0.5719999999999997,0.4724832457721794
0.5709999999999997,0.5709999999999997,0.5709999999999997,0.4498475109612379,0.5709999999999997,0.4725864783286846
0.5699999999999997,0.5699999999999997,0.5699999999999997,0.4496549343981938,0.5699999999999997,0.47269201820794
0.5689999999999997,0.5689999999999997,0.5689999999999997,0.449458256011998,0.5689999999999997,0.4727999047201696
0.5679999999999997,0.5679999999999997,0.5679999999999997,0.449257416912444,0.5679999999999997,0.4729101764599818
0.5669999999999997,0.5669999999999997,0.5669999999999997,0.4490523601211218,0.5669999999999997,0.4730228712262116
0.5659999999999997,0.5659999999999997,0.5659999999999997,0.4488430307157267,0.5659999999999997,0.4731380259437532
0.5649999999999997,0.5649999999999997,0.5649999999999997,0.4486293759679861,0.5649999999999997,0.4732556765882031
0.5639999999999997,0.5639999999999997,0.5639999999999997,0.4484113454736381,0.5639999999999997,0.4733758581141587
0.5629999999999997,0.5629999999999997,0.5629999999999997,0.4481888912728712,0.5629999999999997,0.4734986043880374
0.5619999999999997,0.5619999999999997,0.5619999999999997,0.4479619679596415,0.5619999999999997,0.4736239481262898
0.5609999999999997,0.5609999999999997,0.5609999999999997,0.4477305327783199,0.5609999999999997,0.4737519208398681
0.5599999999999997,0.5599999999999997,0.5599999999999997,0.4474945457061975,0.5599999999999997,0.4738825527857848
0.5589999999999997,0.5589999999999997,0.5589999999999997,0.4472539695204965,0.5589999999999997,0.4740158729265369
0.5579999999999997,0.5579999999999997,0.5579999999999997,0.4470087698486884,0.5579999999999997,0.4741519088980968
0.5569999999999997,0.5569999999999997,0.5569999999999997,0.4467589152011202,0.5569999999999997,0.4742906869870788
0.5559999999999997,0.5559999999999997,0.5559999999999997,0.4465043769852018,0.5559999999999997,0.4744322321175529
0.5549999999999997,0.5549999999999997,0.5549999999999997,0.4462451295006885,0.5549999999999997,0.474576567847837
0.5539999999999997,0.5539999999999997,0.5539999999999997,0.4459811499159189,0.5539999999999997,0.4747237163774204
0.5529999999999997,0.5529999999999997,0.5529999999999997,0.4457124182252183,0.5529999999999997,0.4748736985639952
0.5519999999999997,0.5519999999999997,0.5519999999999997,0.44543891718806,0.5519999999999997,0.4750265339503488
0.5509999999999997,0.5509999999999997,0.5509999999999997,0.4451606322509549,0.5509999999999997,0.4751822408006794
0.5499999999999997,0.5499999999999997,0.5499999999999997,0.4448775514534283,0.5499999999999997,0.4753408361456651
0.5489999999999997,0.5489999999999997,0.5489999999999997,0.4445896653198012,0.5489999999999997,0.4755023358354291
0.5479999999999997,0.5479999999999997,0.5479999999999997,0.4442969667388227,0.5479999999999997,0.4756667545993394
0.5469999999999997,0.5469999999999997,0.5469999999999997,0.4439994508334807,0.5469999999999997,0.4758341061114335
0.5459999999999997,0.5459999999999997,0.5459999999999997,0.4436971148235161,0.5459999999999997,0.4760044030601191
0.5449999999999997,0.5449999999999997,0.5449999999999997,0.4433899578833095,0.5449999999999997,0.4761776572207227
0.5439999999999997,0.5439999999999997,0.5439999999999997,0.4430779809978169,0.5439999999999997,0.4763538795294366
0.5429999999999997,0.5429999999999997,0.5429999999999997,0.4427611868191935,0.5429999999999997,0.4765330801572111
0.5419999999999997,0.5419999999999997,0.5419999999999997,0.4424395795265459,0.5419999999999997,0.4767152685822528
0.5409999999999997,0.5409999999999997,0.5409999999999997,0.4421131646910004,0.5409999999999997,0.4769004536598963
0.5399999999999997,0.5399999999999997,0.5399999999999997,0.4417819491479079,0.5399999999999997,0.4770886436888237
0.5389999999999997,0.5389999999999997,0.5389999999999997,0.4414459408775631,0.5389999999999997,0.4772798464728449
0.5379999999999997,0.5379999999999997,0.5379999999999997,0.4411051488953204,0.5379999999999997,0.4774740693777064
0.5369999999999997,0.5369999999999997,0.5369999999999997,0.4407595831514712,0.5369999999999997,0.477671319382704
0.5359999999999997,0.5359999999999997,0.5359999999999997,0.4404092544406807,0.5359999999999997,0.4778716031271755
0.5349999999999997,0.5349999999999997,0.5349999999999997,0.4400541743202983,0.5349999999999997,0.4780749269522345
0.5339999999999997,0.5339999999999997,0.5339999999999997,0.4396943550363417,0.5339999999999997,0.4782812969384022
0.5329999999999997,0.5329999999999997,0.5329999999999997,0.4393298094555849,0.5329999999999997,0.478490718940007
0.5319999999999997,0.5319999999999997,0.5319999999999997,0.4389605510018147,0.5319999999999997,0.4787031986174506
0.5309999999999997,0.5309999999999997,0.5309999999999997,0.438586593594144,0.5309999999999997,0.4789187414685437
0.5299999999999997,0.5299999999999997,0.5299999999999997,0.4382079515851126,0.5299999999999997,0.4791373528602307
0.5289999999999997,0.5289999999999997,0.5289999999999997,0.4378246396963306,0.5289999999999997,0.479359038062016
0.5279999999999997,0.5279999999999997,0.5279999999999997,0.4374366729495036,0.5279999999999997,0.4795838022823832
0.5269999999999997,0.5269999999999997,0.5269999999999997,0.4370440665908779,0.5269999999999997,0.4798116507093925
0.5259999999999997,0.5259999999999997,0.5259999999999997,0.4366468360074081,0.5259999999999997,0.4800425885565109
0.5249999999999997,0.5249999999999997,0.5249999999999997,0.4362449966333062,0.5249999999999997,0.4802766211145397
0.5239999999999997,0.5239999999999997,0.5239999999999997,0.4358385638459868,0.5239999999999997,0.480513753810301
0.5229999999999997,0.5229999999999997,0.5229999999999997,0.4354275528508519,0.5229999999999997,0.4807539922725166
0.5219999999999997,0.5219999999999997,0.5219999999999997,0.4350119785547559,0.5219999999999997,0.480997342405081
0.5209999999999997,0.5209999999999997,0.5209999999999997,0.4345918554283988,0.5209999999999997,0.4812438104676972
0.5199999999999997,0.5199999999999997,0.5199999999999997,0.4341671973582734,0.5199999999999997,0.4814934031636246
0.5189999999999997,0.5189999999999997,0.5189999999999997,0.4337380174891268,0.5189999999999997,0.4817461277340891
0.5179999999999997,0.5179999999999997,0.5179999999999997,0.4333043280581996,0.5179999999999997,0.4820019920587155
0.5169999999999997,0.5169999999999997,0.5169999999999997,0.4328661402227447,0.5169999999999997,0.4822610047612058
0.5159999999999997,0.5159999999999997,0.5159999999999997,0.4324234638825277,0.5159999999999997,0.4825231753193374
0.5149999999999997,0.5149999999999997,0.5149999999999997,0.4319763074991541,0.5149999999999997,0.4827885141782761
0.5139999999999997,0.5139999999999997,0.5139999999999997,0.4315246779141579,0.5139999999999997,0.4830570328661211
0.5129999999999997,0.5129999999999997,0.5129999999999997,0.4310685801678517,0.5129999999999997,0.4833287441105357
0.5119999999999997,0.5119999999999997,0.5119999999999997,0.4306080173209397,0.5119999999999997,0.4836036619553125
0.5109999999999997,0.5109999999999997,0.5109999999999997,0.430142990280886,0.5109999999999997,0.4838818018756991
0.5099999999999997,0.5099999999999997,0.5099999999999997,0.4296734976349921,0.5099999999999997,0.4841631808913139
0.5089999999999997,0.5089999999999997,0.5089999999999997,0.4291995354920796,0.5089999999999997,0.4844478176754994
0.5079999999999997,0.5079999999999997,0.5079999999999997,0.4287210973346086,0.5079999999999997,0.4847357326599706
0.5069999999999997,0.5069999999999997,0.5069999999999997,0.428238173882994,0.5069999999999997,0.4850269481336572
0.5059999999999997,0.5059999999999997,0.5059999999999997,0.4277507529738204,0.5059999999999997,0.4853214883346262
0.5049999999999997,0.5049999999999997,0.5049999999999997,0.4272588194535972,0.5049999999999997,0.4856193795340107
0.5039999999999997,0.5039999999999997,0.5039999999999997,0.4267623550896529,0.5039999999999997,0.4859206501108677
0.5029999999999997,0.5029999999999997,0.5029999999999997,0.426261338499749,0.5029999999999997,0.4862253306168732
0.5019999999999997,0.5019999999999997,0.5019999999999997,0.4257557451019823,0.5019999999999997,0.4865334538297581
0.5009999999999997,0.5009999999999997,0.5009999999999997,0.4252455470865781,0.5009999999999997,0.4868450547943394
0.4999999999999997,0.4999999999999997,0.4999999999999997,0.4247307134112049,0.4999999999999997,0.4871601708499665
0.4989999999999997,0.4989999999999997,0.4989999999999997,0.4242112098215505,0.4989999999999997,0.4874788416431037
0.4979999999999997,0.4979999999999997,0.4979999999999997,0.4236869988989719,0.4979999999999997,0.4878011091237097
0.4969999999999997,0.4969999999999997,0.4969999999999997,0.423158040137194,0.4969999999999997,0.4881270175239369
0.4959999999999997,0.4959999999999997,0.4959999999999997,0.4226242900501959,0.4959999999999997,0.4884566133175518
0.4949999999999997,0.4949999999999997,0.4949999999999997,0.4220857023136243,0.4949999999999997,0.4887899451583078
0.4939999999999997,0.4939999999999997,0.4939999999999997,0.4215422279423117,0.4939999999999997,0.4891270637953298
0.4929999999999997,0.4929999999999997,0.4929999999999997,0.4209938155067477,0.4929999999999997,0.4894680219633474
0.4919999999999997,0.4919999999999997,0.4919999999999997,0.4204404113916369,0.4919999999999997,0.4898128742454043
0.4909999999999997,0.4909999999999997,0.4909999999999997,0.4198819601000262,0.4909999999999997,0.4901616769053821
0.4899999999999997,0.4899999999999997,0.4899999999999997,0.4193184046068207,0.4899999999999997,0.4905144876874312
0.4889999999999997,0.4889999999999997,0.4889999999999997,0.4187496867652057,0.4889999999999997,0.4908713655795058
0.4879999999999997,0.4879999999999997,0.4879999999999997,0.4181757477550766,0.4879999999999997,0.4912323705472283
0.4869999999999997,0.4869999999999997,0.4869999999999997,0.4175965285367336,0.4869999999999997,0.4915975632607285
0.4859999999999997,0.4859999999999997,0.4859999999999997,0.4170119702888517,0.4859999999999997,0.4919670048275568
0.4849999999999997,0.4849999999999997,0.4849999999999997,0.4164220148294149,0.4849999999999997,0.4923407565325413
0.4839999999999997,0.4839999999999997,0.4839999999999997,0.4158266050201544,0.4839999999999997,0.4927188795843062
0.4829999999999997,0.4829999999999997,0.4829999999999997,0.4152256851549014,0.4829999999999997,0.4931014348682356
0.4819999999999997,0.4819999999999997,0.4819999999999997,0.4146192013320927,0.4819999999999997,0.4934884827057908
0.4809999999999997,0.4809999999999997,0.4809999999999997,0.4140071018115514,0.4809999999999997,0.493880082620149
0.4799999999999996,0.4799999999999996,0.4799999999999996,0.4133893373554729,0.4799999999999996,0.4942762931082653
0.4789999999999996,0.4789999999999996,0.4789999999999996,0.4127658615534247,0.4789999999999996,0.4946771714195442
0.4779999999999996,0.4779999999999996,0.4779999999999996,0.4121366311309828,0.4779999999999996,0.4950827733414264
0.4769999999999996,0.4769999999999996,0.4769999999999996,0.4115016062415145,0.4769999999999996,0.4954931529922872
0.4759999999999996,0.4759999999999996,0.4759999999999996,0.4108607507404802,0.4759999999999996,0.4959083626221407
0.4749999999999996,0.4749999999999996,0.4749999999999996,0.410214032441529,0.4749999999999996,0.4963284524217227
0.4739999999999996,0.4739999999999996,0.4739999999999996,0.4095614233535992,0.4739999999999996,0.4967534703405853
0.4729999999999996,0.4729999999999996,0.4729999999999996,0.4089028998982039,0.4729999999999996,0.4971834619148696
0.4719999999999996,0.4719999999999996,0.4719999999999996,0.4082384431061079,0.4719999999999996,0.497618470105434
0.4709999999999996,0.4709999999999996,0.4709999999999996,0.4075680387926478,0.4709999999999996,0.4980585351470018
0.4699999999999996,0.4699999999999996,0.4699999999999996,0.4068916777111136,0.4699999999999996,0.4985036944089009
0.4689999999999996,0.4689999999999996,0.4689999999999996,0.406209355683782,0.4689999999999996,0.4989539822678737
0.4679999999999996,0.4679999999999996,0.4679999999999996,0.4055210737104427,0.4679999999999996,0.4994094299932986
0.4669999999999996,0.4669999999999996,0.4669999999999996,0.404826838054626,0.4669999999999996,0.4998700656449072
0.4659999999999996,0.4659999999999996,0.4659999999999996,0.4041266603080886,0.4659999999999996,0.5003359139828927
0.4649999999999996,0.4649999999999996,0.4649999999999996,0.4034205574345868,0.4649999999999996,0.5008069963899654
0.4639999999999996,0.4639999999999996,0.4639999999999996,0.4027085517944576,0.4639999999999996,0.5012833308045926
0.4629999999999996,0.4629999999999996,0.4629999999999996,0.4019906711520188,0.4629999999999996,0.5017649316643166
0.4619999999999996,0.4619999999999996,0.4619999999999996,0.4012669486683349,0.4619999999999996,0.5022518098576607
0.4609999999999996,0.4609999999999996,0.4609999999999996,0.40053742288234,0.4609999999999996,0.5027439726828131
0.4599999999999996,0.4599999999999996,0.4599999999999996,0.399802137683729,0.4599999999999996,0.5032414238109418
0.4589999999999996,0.4589999999999996,0.4589999999999996,0.3990611422812871,0.4589999999999996,0.5037441632517891
0.4579999999999996,0.4579999999999996,0.4579999999999996,0.3983144911704499,0.4579999999999996,0.5042521873190472
0.4569999999999996,0.4569999999999996,0.4569999999999996,0.3975622441037834,0.4569999999999996,0.5047654885930357
0.4559999999999996,0.4559999999999996,0.4559999999999996,0.3968044660677231,0.4559999999999996,0.5052840558783894
0.4549999999999996,0.4549999999999996,0.4549999999999996,0.3960412272682703,0.4549999999999996,0.5058078741548386
0.4539999999999996,0.4539999999999996,0.4539999999999996,0.3952726031274035,0.4539999999999996,0.5063369245197911
0.4529999999999996,0.4529999999999996,0.4529999999999996,0.3944986742907266,0.4529999999999996,0.5068711841222255
0.4519999999999996,0.4519999999999996,0.4519999999999996,0.3937195266453399,0.4519999999999996,0.5074106260884786
0.4509999999999996,0.4509999999999996,0.4509999999999996,0.3929352513452061,0.4509999999999996,0.5079552194416964
0.4499999999999996,0.4499999999999996,0.4499999999999996,0.3921459448393692,0.4499999999999996,0.5085049290181174
0.4489999999999996,0.4489999999999996,0.4489999999999996,0.3913517088964992,0.4489999999999996,0.5090597153847342
0.4479999999999996,0.4479999999999996,0.4479999999999996,0.3905526506174012,0.4479999999999996,0.5096195347642855
0.4469999999999996,0.4469999999999996,0.4469999999999996,0.3897488824255755,0.4469999999999996,0.5101843389747619
0.4459999999999996,0.4459999999999996,0.4459999999999996,0.3889405220247146,0.4459999999999996,0.5107540753916413
0.4449999999999996,0.4449999999999996,0.4449999999999996,0.3881276923113987,0.4449999999999996,0.5113286869416906
0.4439999999999996,0.4439999999999996,0.4439999999999996,0.3873105212312143,0.4439999999999996,0.5119081121374354
0.4429999999999996,0.4429999999999996,0.4429999999999996,0.386489141567234,0.4429999999999996,0.5124922851610884
0.4419999999999996,0.4419999999999996,0.4419999999999996,0.3856636906512177,0.4419999999999996,0.5130811360059382
0.4409999999999996,0.4409999999999996,0.4409999999999996,0.3848343099900269,0.4409999999999996,0.5136745906818475
0.4399999999999996,0.4399999999999996,0.4399999999999996,0.3840011448024961,0.4399999999999996,0.5142725714896972
0.4389999999999996,0.4389999999999996,0.4389999999999996,0.3831643434651887,0.4389999999999996,0.5148749973674152
0.4379999999999996,0.4379999999999996,0.4379999999999996,0.3823240568689903,0.4379999999999996,0.5154817843077258
0.4369999999999996,0.4369999999999996,0.4369999999999996,0.38148043769205,0.4369999999999996,0.516092845845167
0.4359999999999996,0.4359999999999996,0.4359999999999996,0.3806336395980163,0.4359999999999996,0.5167080936073312
0.4349999999999996,0.4349999999999996,0.4349999999999996,0.3797838163716303,0.4349999999999996,0.5173274379228601
0.4339999999999996,0.4339999999999996,0.4339999999999996,0.3789311210063026,0.4339999999999996,0.5179507884766438
0.4329999999999996,0.4329999999999996,0.4329999999999996,0.3780757047602395,0.4329999999999996,0.5185780550009795
0.4319999999999996,0.4319999999999996,0.4319999999999996,0.3772177161988872,0.4319999999999996,0.5192091479902526
0.4309999999999996,0.4309999999999996,0.4309999999999996,0.37635730024187,0.4309999999999996,0.5198439794260821
0.4299999999999996,0.4299999999999996,0.4299999999999996,0.375494597232312,0.4299999999999996,0.5204824634997229
0.4289999999999996,0.4289999999999996,0.4289999999999996,0.3746297420453978,0.4289999999999996,0.5211245173189596
0.4279999999999996,0.4279999999999996,0.4279999999999996,0.3737628632514721,0.4279999999999996,0.521770061587545
0.4269999999999996,0.4269999999999996,0.4269999999999996,0.3728940823469177,0.4269999999999996,0.5224190212464858
0.4259999999999996,0.4259999999999996,0.4259999999999996,0.3720235130636977,0.4259999999999996,0.5230713260679798
0.4249999999999996,0.4249999999999996,0.4249999999999996,0.3711512607658935,0.4249999999999996,0.5237269111945065
0.4239999999999996,0.4239999999999996,0.4239999999999996,0.370277421938964,0.4239999999999996,0.5243857176173703
0.4229999999999996,0.4229999999999996,0.4229999999999996,0.3694020837749088,0.4229999999999996,0.5250476925908015
0.4219999999999996,0.4219999999999996,0.4219999999999996,0.3685253238541145,0.4219999999999996,0.5257127899794704
0.4209999999999996,0.4209999999999996,0.4209999999999996,0.3676472099225095,0.4209999999999996,0.5263809705388844
0.4199999999999996,0.4199999999999996,0.4199999999999996,0.3667677997607517,0.4199999999999996,0.5270522021296113
0.4189999999999996,0.4189999999999996,0.4189999999999996,0.3658871411405906,0.4189999999999996,0.5277264598675316
0.4179999999999996,0.4179999999999996,0.4179999999999996,0.3650052718622952,0.4179999999999996,0.5284037262133828
0.4169999999999996,0.4169999999999996,0.4169999999999996,0.3641222198660726,0.4169999999999996,0.5290839910057041
0.4159999999999996,0.4159999999999996,0.4159999999999996,0.3632380034097639,0.4159999999999996,0.5297672514419191
0.4149999999999996,0.4149999999999996,0.4149999999999996,0.3623526313047235,0.4149999999999996,0.5304535120127399
0.4139999999999996,0.4139999999999996,0.4139999999999996,0.3614661032016471,0.4139999999999996,0.5311427843953281
0.4129999999999996,0.4129999999999996,0.4129999999999996,0.3605784099181915,0.4129999999999996,0.5318350873107549
0.4119999999999996,0.4119999999999996,0.4119999999999996,0.3596895338004695,0.4119999999999996,0.5325304463512599
0.4109999999999996,0.4109999999999996,0.4109999999999996,0.3587994491108691,0.4109999999999996,0.5332288937826863
0.4099999999999996,0.4099999999999996,0.4099999999999996,0.3579081224351504,0.4099999999999996,0.5339304683272049
0.4089999999999996,0.4089999999999996,0.4089999999999996,0.3570155131023041,0.4089999999999996,0.5346352149311576
0.4079999999999996,0.4079999999999996,0.4079999999999996,0.356121573611266,0.4079999999999996,0.5353431845225093
0.4069999999999996,0.4069999999999996,0.4069999999999996,0.3552262500592084,0.4069999999999996,0.5360544337619887
0.4059999999999996,0.4059999999999996,0.4059999999999996,0.3543294825667492,0.4059999999999996,0.5367690247916276
0.4049999999999996,0.4049999999999996,0.4049999999999996,0.3534312056960379,0.4049999999999996,0.5374870249839955
0.4039999999999996,0.4039999999999996,0.4039999999999996,0.3525313488582781,0.4039999999999996,0.5382085066950206
0.4029999999999996,0.4029999999999996,0.4029999999999996,0.3516298367077922,0.4029999999999996,0.5389335470229323
0.4019999999999996,0.4019999999999996,0.4019999999999996,0.3507265895202637,0.4019999999999996,0.5396622275754711
0.4009999999999996,0.4009999999999996,0.4009999999999996,0.3498215235532768,0.4009999999999996,0.5403946342471774
0.3999999999999996,0.3999999999999996,0.3999999999999996,0.3489145513876831,0.3999999999999996,0.5411308570082894
0.3989999999999996,0.3989999999999996,0.3989999999999996,0.3480055822487363,0.3989999999999996,0.5418709897064475
0.3979999999999996,0.3979999999999996,0.3979999999999996,0.3470945223062594,0.3979999999999996,0.54261512988219
0.3969999999999996,0.3969999999999996,0.3969999999999996,0.3461812749534038,0.3969999999999996,0.5433633785989885
0.3959999999999996,0.3959999999999996,0.3959999999999996,0.345265741063826,0.3959999999999996,0.5441158402883712
0.3949999999999996,0.3949999999999996,0.3949999999999996,0.3443478192273053,0.3949999999999996,0.5448726226105175
0.3939999999999996,0.3939999999999996,0.3939999999999996,0.3434274059640181,0.3939999999999996,0.5456338363305678
0.3929999999999996,0.3929999999999996,0.3929999999999996,0.3425043959178125,0.3929999999999996,0.5463995952107822
0.3919999999999996,0.3919999999999996,0.3919999999999996,0.3415786820289585,0.3919999999999996,0.5471700159185635
0.3909999999999996,0.3909999999999996,0.3909999999999996,0.3406501556869205,0.3909999999999996,0.5479452179503157
0.3899999999999996,0.3899999999999996,0.3899999999999996,0.3397187068637703,0.3899999999999996,0.5487253235710353
0.3889999999999996,0.3889999999999996,0.3889999999999996,0.3387842242289006,0.3889999999999996,0.5495104577694888
0.3879999999999996,0.3879999999999996,0.3879999999999996,0.3378465952457156,0.3879999999999996,0.5503007482288398
0.3869999999999996,0.3869999999999996,0.3869999999999996,0.3369057062509961,0.3869999999999996,0.5510963253125223
0.3859999999999996,0.3859999999999996,0.3859999999999996,0.3359614425176114,0.3859999999999996,0.5518973220652318
0.3849999999999996,0.3849999999999996,0.3849999999999996,0.3350136883012557,0.3849999999999996,0.5527038742288469
0.3839999999999996,0.3839999999999996,0.3839999999999996,0.334062326871835,0.3839999999999996,0.5535161202731773
0.3829999999999996,0.3829999999999996,0.3829999999999996,0.3331072405301131,0.3829999999999996,0.554334201441432
0.3819999999999996,0.3819999999999996,0.3819999999999996,0.3321483106101767,0.3819999999999996,0.5551582618103438
0.3809999999999996,0.3809999999999996,0.3809999999999996,0.3311854174682157,0.3809999999999996,0.555988448364971
0.3799999999999996,0.3799999999999996,0.3799999999999996,0.3302184404580911,0.3799999999999996,0.5568249110881843
0.3789999999999996,0.3789999999999996,0.3789999999999996,0.3292472578940683,0.3789999999999996,0.557667803064989
0.3779999999999996,0.3779999999999996,0.3779999999999996,0.3282717470010569,0.3779999999999996,0.5585172806018365
0.3769999999999996,0.3769999999999996,0.3769999999999996,0.3272917838526214,0.3769999999999996,0.5593735033611883
0.3759999999999996,0.3759999999999996,0.3759999999999996,0.3263072432969583,0.3759999999999996,0.5602366345116657
0.3749999999999996,0.3749999999999996,0.3749999999999996,0.3253179988709575,0.3749999999999996,0.561106840894216
0.3739999999999996,0.3739999999999996,0.3739999999999996,0.3243239227024053,0.3739999999999996,0.5619842932048017
0.3729999999999996,0.3729999999999996,0.3729999999999996,0.3233248854002831,0.3729999999999996,0.562869166194258
0.3719999999999996,0.3719999999999996,0.3719999999999996,0.322320755933061,0.3719999999999996,0.5637616388860259
0.3709999999999996,0.3709999999999996,0.3709999999999996,0.321311401494766,0.3709999999999996,0.5646618948126541
0.3699999999999996,0.3699999999999996,0.3699999999999996,0.3202966873585486,0.3699999999999996,0.5655701222720212
0.3689999999999996,0.3689999999999996,0.3689999999999996,0.3192764767173393,0.3689999999999996,0.5664865146044473
0.3679999999999995,0.3679999999999995,0.3679999999999995,0.3182506305111127,0.3679999999999995,0.5674112704919638
0.3669999999999995,0.3669999999999995,0.3669999999999995,0.3172190072401414,0.3669999999999995,0.5683445942812231
0.3659999999999995,0.3659999999999995,0.3659999999999995,0.3161814627635345,0.3659999999999995,0.5692866963316816
0.3649999999999995,0.3649999999999995,0.3649999999999995,0.3151378500821773,0.3649999999999995,0.5702377933909598
0.3639999999999995,0.3639999999999995,0.3639999999999995,0.3140880191051166,0.3639999999999995,0.5711981089994329
0.3629999999999995,0.3629999999999995,0.3629999999999995,0.3130318163982178,0.3629999999999995,0.5721678739264495
0.3619999999999995,0.3619999999999995,0.3619999999999995,0.3119690849137947,0.3619999999999995,0.5731473266408015
0.3609999999999995,0.3609999999999995,0.3609999999999995,0.3108996636997112,0.3609999999999995,0.5741367138184265
0.3599999999999995,0.3599999999999995,0.3599999999999995,0.3098233875862491,0.3599999999999995,0.5751362908906753
0.3589999999999995,0.3589999999999995,0.3589999999999995,0.3087400868488112,0.3589999999999995,0.576146322636877
0.3579999999999995,0.3579999999999995,0.3579999999999995,0.3076495868442642,0.3579999999999995,0.5771670838254189
0.3569999999999995,0.3569999999999995,0.3569999999999995,0.3065517076184414,0.3569999999999995,0.5781988599080483
0.3559999999999995,0.3559999999999995,0.3559999999999995,0.3054462634819962,0.3559999999999995,0.5792419477727306
0.3549999999999995,0.3549999999999995,0.3549999999999995,0.3043330625514239,0.3549999999999995,0.5802966565610387
0.3539999999999995,0.3539999999999995,0.3539999999999995,0.3032119062516498,0.3539999999999995,0.5813633085568434
0.3529999999999995,0.3529999999999995,0.3529999999999995,0.3020825887760944,0.3529999999999995,0.5824422401539475
0.3519999999999995,0.3519999999999995,0.3519999999999995,0.3009448964995704,0.3519999999999995,0.5835338029113308
0.3509999999999995,0.3509999999999995,0.3509999999999995,0.2997986073387425,0.3509999999999995,0.5846383647058065
0.3499999999999995,0.3499999999999995,0.3499999999999995,0.2986434900541194,0.3499999999999995,0.5857563109932993
0.3489999999999995,0.3489999999999995,0.3489999999999995,0.2974793034867212,0.3489999999999995,0.5868880461914596
0.3479999999999995,0.3479999999999995,0.3479999999999995,0.2963057957215584,0.3479999999999995,0.5880339951981828
0.3469999999999995,0.3469999999999995,0.3469999999999995,0.295122703168906,0.3469999999999995,0.5891946050627214
0.3459999999999995,0.3459999999999995,0.3459999999999995,0.2939297495530065,0.3459999999999995,0.5903703468285428
0.3449999999999995,0.3449999999999995,0.3449999999999995,0.2927266447962416,0.3449999999999995,0.5915617175700385
0.3439999999999995,0.3439999999999995,0.3439999999999995,0.2915130837849453,0.3439999999999995,0.5927692426485882
0.3429999999999995,0.3429999999999995,0.3429999999999995,0.2902887450008055,0.3429999999999995,0.5939934782175931
0.3419999999999995,0.3419999999999995,0.3419999999999995,0.2890532889991667,0.3419999999999995,0.5952350140109087
0.3409999999999995,0.3409999999999995,0.3409999999999995,0.287806356712406,0.3409999999999995,0.5964944764548793
0.3399999999999995,0.3399999999999995,0.3399999999999995,0.2865475675527833,0.3399999999999995,0.5977725321510889
0.3389999999999995,0.3389999999999995,0.3389999999999995,0.2852765172846142,0.3389999999999995,0.5990698917852846
0.3379999999999995,0.3379999999999995,0.3379999999999995,0.2839927756301416,0.3379999999999995,0.6003873145279469
0.3369999999999995,0.3369999999999995,0.3369999999999995,0.2826958835667964,0.3369999999999995,0.6017256130042435
0.3359999999999995,0.3359999999999995,0.3359999999999995,0.2813853502653693,0.3359999999999995,0.6030856589260297
0.3349999999999995,0.3349999999999995,0.3349999999999995,0.2800606496086013,0.3349999999999995,0.6044683894968773
0.3339999999999995,0.3339999999999995,0.3339999999999995,0.278721216217294,0.3339999999999995,0.6058748147238185
0.3329999999999995,0.3329999999999995,0.3329999999999995,0.2773664408956166,0.3329999999999995,0.6073060257976375
0.3319999999999995,0.3319999999999995,0.3319999999999995,0.2759956653879841,0.3319999999999995,0.6087632047388221
0.3309999999999995,0.3309999999999995,0.3309999999999995,0.2746081763155386,0.3309999999999995,0.6102476355506974
0.3299999999999995,0.3299999999999995,0.3299999999999995,0.2732031981293287,0.3299999999999995,0.6117607171777063
0.3289999999999995,0.3289999999999995,0.3289999999999995,0.2717798848777189,0.3289999999999995,0.6133039786389332
0.3279999999999995,0.3279999999999995,0.3279999999999995,0.2703373105344259,0.3279999999999995,0.6148790968001409
0.3269999999999995,0.3269999999999995,0.3269999999999995,0.2688744575670077,0.3269999999999995,0.6164879173688246
0.3259999999999995,0.3259999999999995,0.3259999999999995,0.2673902033380173,0.3259999999999995,0.6181324798562942
0.3249999999999995,0.3249999999999995,0.3249999999999995,0.2658833038145832,0.3249999999999995,0.6198150474626052
0.3239999999999995,0.3239999999999995,0.3239999999999995,0.2643523739055971,0.3239999999999995,0.6215381431249125
0.3229999999999995,0.3229999999999995,0.3229999999999995,0.2627958635325788,0.3229999999999995,0.6233045933570952
0.3219999999999995,0.3219999999999995,0.3219999999999995,0.2612120282463344,0.3219999999999995,0.6251175820424395
0.3209999999999995,0.3209999999999995,0.3209999999999995,0.2595988927901335,0.3209999999999995,0.6269807170880393
0.3199999999999995,0.3199999999999995,0.3199999999999995,0.2579542054251327,0.3199999999999995,0.628898113911042
0.3189999999999995,0.3189999999999995,0.3189999999999995,0.2562753799871879,0.3189999999999995,0.6308745012622369
0.3179999999999995,0.3179999999999995,0.3179999999999995,0.2545594213950328,0.3179999999999995,0.6329153571567824
0.3169999999999995,0.3169999999999995,0.3169999999999995,0.2528028284463743,0.3169999999999995,0.635027086094162
0.3159999999999995,0.3159999999999995,0.3159999999999995,0.2510014648291363,0.3159999999999995,0.6372172540177132
0.3149999999999995,0.3149999999999995,0.3149999999999995,0.2491503846568551,0.3149999999999995,0.6394949058227624
0.3139999999999995,0.3139999999999995,0.3139999999999995,0.2472435912749406,0.3139999999999995,0.6418710039027008
0.3129999999999995,0.3129999999999995,0.3129999999999995,0.2452736952524816,0.3129999999999995,0.6443590494243621
0.3119999999999995,0.3119999999999995,0.3119999999999995,0.2432314147803406,0.3119999999999995,0.6469759890373549
0.3109999999999995,0.3109999999999995,0.3109999999999995,0.2411048195605498,0.3109999999999995,0.6497435858339502
0.3099999999999995,0.3099999999999995,0.3099999999999995,0.2388781363553106,0.3099999999999995,0.652690583079397
0.3089999999999995,0.3089999999999995,0.3089999999999995,0.2365297592168491,0.3089999999999995,0.6558563052999216
0.3079999999999995,0.3079999999999995,0.3079999999999995,0.2340287032059224,0.3079999999999995,0.6592970703949705
0.3069999999999995,0.3069999999999995,0.3069999999999995,0.2313276945315823,0.3069999999999995,0.6630986719561915
0.3059999999999995,0.3059999999999995,0.3059999999999995,0.2283479309719905,0.3059999999999995,0.6674038833618771
0.3049999999999995,0.3049999999999995,0.3049999999999995,0.224938596922897,0.3049999999999995,0.6724854563653078
0.3039999999999995,0.3039999999999995,0.3039999999999995,0.2207286680472039,0.3039999999999995,0.6790130798844575
0.3029999999999995,0.3029999999999995,0.3029999999999995,0.2134494472877208,0.3029999999999995,0.6910706232247176
0.3019999999999995,0.3019999999999995,0.3019999999999995,0.8985071595602917,0.3019999999999995,0.1222795871663167
0.3009999999999995,0.3009999999999995,0.3009999999999995,0.8985147066797995,0.3009999999999995,0.1220386295987754
0.2999999999999995,0.2999999999999995,0.2999999999999995,0.8985222755146763,0.2999999999999995,0.1217958371888149
0.2989999999999995,0.2989999999999995,0.2989999999999995,0.898529865243045,0.2989999999999995,0.1215512147113629
0.2979999999999995,0.2979999999999995,0.2979999999999995,0.8985374750367658,0.2979999999999995,0.1213047672239537
0.2969999999999995,0.2969999999999995,0.2969999999999995,0.8985451040621742,0.2969999999999995,0.121056500060858
0.2959999999999995,0.2959999999999995,0.2959999999999995,0.8985527514805803,0.2959999999999995,0.1208064188273772
0.2949999999999995,0.2949999999999995,0.2949999999999995,0.8985604164487679,0.2949999999999995,0.1205545293939698
0.2939999999999995,0.2939999999999995,0.2939999999999995,0.8985680981194953,0.2939999999999995,0.1203008378902231
0.2929999999999995,0.2929999999999995,0.2929999999999995,0.8985757956419933,0.2929999999999995,0.1200453506986777
0.2919999999999995,0.2919999999999995,0.2919999999999995,0.8985835081624629,0.2919999999999995,0.1197880744485157
0.2909999999999995,0.2909999999999995,0.2909999999999995,0.8985912348245706,0.2909999999999995,0.1195290160091218
0.2899999999999995,0.2899999999999995,0.2899999999999995,0.8985989747699415,0.2899999999999995,0.1192681824835279
0.2889999999999995,0.2889999999999995,0.2889999999999995,0.898606727138648,0.2889999999999995,0.1190055812017499
0.2879999999999995,0.2879999999999995,0.2879999999999995,0.8986144910696956,0.2879999999999995,0.1187412197140272
0.2869999999999995,0.2869999999999995,0.2869999999999995,0.8986222657015032,0.2869999999999995,0.1184751057839747
0.2859999999999995,0.2859999999999995,0.2859999999999995,0.8986300501723797,0.2859999999999995,0.1182072473816543
0.2849999999999995,0.2849999999999995,0.2849999999999995,0.898637843620994,0.2849999999999995,0.117937652676582
0.2839999999999995,0.2839999999999995,0.2839999999999995,0.8986456451868385,0.2839999999999995,0.1176663300306716
0.2829999999999995,0.2829999999999995,0.2829999999999995,0.8986534540106872,0.2829999999999995,0.1173932879911305
0.2819999999999995,0.2819999999999995,0.2819999999999995,0.8986612692350465,0.2819999999999995,0.1171185352833154
0.2809999999999995,0.2809999999999995,0.2809999999999995,0.8986690900045973,0.2809999999999995,0.1168420808035551
0.2799999999999995,0.2799999999999995,0.2799999999999995,0.8986769154666298,0.2799999999999995,0.1165639336119502
0.2789999999999995,0.2789999999999995,0.2789999999999995,0.8986847447714713,0.2789999999999995,0.1162841029251621
0.2779999999999995,0.2779999999999995,0.2779999999999995,0.8986925770729032,0.2779999999999995,0.1160025981091921
0.2769999999999995,0.2769999999999995,0.2769999999999995,0.8987004115285693,0.2769999999999995,0.1157194286721681
0.2759999999999995,0.2759999999999995,0.2759999999999995,0.8987082473003761,0.2759999999999995,0.1154346042571389
0.2749999999999995,0.2749999999999995,0.2749999999999995,0.898716083554882,0.2749999999999995,0.1151481346348903
0.2739999999999995,0.2739999999999995,0.2739999999999995,0.8987239194636758,0.2739999999999995,0.1148600296967875
0.2729999999999995,0.2729999999999995,0.2729999999999995,0.8987317542037478,0.2729999999999995,0.1145702994476517
0.2719999999999995,0.2719999999999995,0.2719999999999995,0.8987395869578469,0.2719999999999995,0.1142789539986798
0.2709999999999995,0.2709999999999995,0.2709999999999995,0.8987474169148291,0.2709999999999995,0.1139860035604126
0.2699999999999995,0.2699999999999995,0.2699999999999995,0.8987552432699942,0.2699999999999995,0.1136914584357595
0.2689999999999995,0.2689999999999995,0.2689999999999995,0.8987630652254119,0.2689999999999995,0.113395329013086
0.2679999999999995,0.2679999999999995,0.2679999999999995,0.8987708819902361,0.2679999999999995,0.1130976257593704
0.2669999999999995,0.2669999999999995,0.2669999999999995,0.8987786927810083,0.2669999999999995,0.1127983592134364
0.2659999999999995,0.2659999999999995,0.2659999999999995,0.8987864968219484,0.2659999999999995,0.1124975399792665
0.2649999999999995,0.2649999999999995,0.2649999999999995,0.8987942933452358,0.2649999999999995,0.1121951787194034
0.2639999999999995,0.2639999999999995,0.2639999999999995,0.8988020815912765,0.2639999999999995,0.1118912861484444
0.2629999999999995,0.2629999999999995,0.2629999999999995,0.8988098608089605,0.2629999999999995,0.1115858730266327
0.2619999999999995,0.2619999999999995,0.2619999999999995,0.8988176302559068,0.2619999999999995,0.1112789501535528
0.2609999999999995,0.2609999999999995,0.2609999999999995,0.8988253891986953,0.2609999999999995,0.1109705283619337
0.2599999999999995,0.2599999999999995,0.2599999999999995,0.8988331369130894,0.2599999999999995,0.110660618511564
0.2589999999999995,0.2589999999999995,0.2589999999999995,0.8988408726842451,0.2589999999999995,0.1103492314833245
0.2579999999999995,0.2579999999999995,0.2579999999999995,0.8988485958069083,0.2579999999999995,0.1100363781733408
0.2569999999999995,0.2569999999999995,0.2569999999999995,0.8988563055856026,0.2569999999999995,0.1097220694872616
0.2559999999999995,0.2559999999999995,0.2559999999999995,0.8988640013348027,0.2559999999999995,0.1094063163346641
0.2549999999999994,0.2549999999999994,0.2549999999999994,0.898871682379098,0.2549999999999994,0.1090891296235926
0.2539999999999994,0.2539999999999994,0.2539999999999994,0.8988793480533449,0.2539999999999994,0.1087705202552299
0.2529999999999994,0.2529999999999994,0.2529999999999994,0.8988869977028081,0.2529999999999994,0.1084504991187081
0.2519999999999994,0.2519999999999994,0.2519999999999994,0.8988946306832887,0.2519999999999994,0.1081290770860595
0.2509999999999994,0.2509999999999994,0.2509999999999994,0.8989022463612446,0.2509999999999994,0.1078062650073087
0.2499999999999994,0.2499999999999994,0.2499999999999994,0.8989098441138974,0.2499999999999994,0.1074820737057126
0.2489999999999994,0.2489999999999994,0.2489999999999994,0.8989174233293303,0.2489999999999994,0.1071565139731444
0.2479999999999994,0.2479999999999994,0.2479999999999994,0.8989249834065751,0.2479999999999994,0.106829596565628
0.2469999999999994,0.2469999999999994,0.2469999999999994,0.8989325237556881,0.2469999999999994,0.1065013321990227
0.2459999999999994,0.2459999999999994,0.2459999999999994,0.8989400437978178,0.2459999999999994,0.1061717315448589
0.2449999999999994,0.2449999999999994,0.2449999999999994,0.8989475429652612,0.2449999999999994,0.1058408052263263
0.2439999999999994,0.2439999999999994,0.2439999999999994,0.8989550207015113,0.2439999999999994,0.1055085638144156
0.2429999999999994,0.2429999999999994,0.2429999999999994,0.8989624764612941,0.2429999999999994,0.1051750178242156
0.2419999999999994,0.2419999999999994,0.2419999999999994,0.8989699097105984,0.2419999999999994,0.1048401777113626
0.2409999999999994,0.2409999999999994,0.2409999999999994,0.8989773199266953,0.2409999999999994,0.1045040538686461
0.2399999999999994,0.2399999999999994,0.2399999999999994,0.8989847065981489,0.2399999999999994,0.1041666566227684
0.2389999999999994,0.2389999999999994,0.2389999999999994,0.8989920692248192,0.2389999999999994,0.1038279962312592
0.2379999999999994,0.2379999999999994,0.2379999999999994,0.8989994073178568,0.2379999999999994,0.1034880828795431
0.2369999999999994,0.2369999999999994,0.2369999999999994,0.8990067203996893,0.2369999999999994,0.1031469266781617
0.2359999999999994,0.2359999999999994,0.2359999999999994,0.8990140080040002,0.2359999999999994,0.1028045376601472
0.2349999999999994,0.2349999999999994,0.2349999999999994,0.8990212696757013,0.2349999999999994,0.1024609257785476
0.2339999999999994,0.2339999999999994,0.2339999999999994,0.8990285049708956,0.2339999999999994,0.1021161009041016
0.2329999999999994,0.2329999999999994,0.2329999999999994,0.8990357134568369,0.2329999999999994,0.1017700728230625
0.2319999999999994,0.2319999999999994,0.2319999999999994,0.8990428947118794,0.2319999999999994,0.1014228512351693
0.2309999999999994,0.2309999999999994,0.2309999999999994,0.8990500483254227,0.2309999999999994,0.101074445751762
0.2299999999999994,0.2299999999999994,0.2299999999999994,0.8990571738978512,0.2299999999999994,0.1007248658940401
0.2289999999999994,0.2289999999999994,0.2289999999999994,0.8990642710404668,0.2289999999999994,0.1003741210914631
0.2279999999999994,0.2279999999999994,0.2279999999999994,0.8990713393754162,0.2279999999999994,0.1000222206802871
0.2269999999999994,0.2269999999999994,0.2269999999999994,0.8990783785356128,0.2269999999999994,0.09966917390223994
0.2259999999999994,0.2259999999999994,0.2259999999999994,0.899085388164655,0.2259999999999994,0.09931498990332732
0.2249999999999994,0.2249999999999994,0.2249999999999994,0.8990923679167382,0.2249999999999994,0.09895967773277102
0.2239999999999994,0.2239999999999994,0.2239999999999994,0.8990993174565636,0.2239999999999994,0.09860324634207265
0.2229999999999994,0.2229999999999994,0.2229999999999994,0.8991062364592408,0.2229999999999994,0.09824570458420341
0.2219999999999994,0.2219999999999994,0.2219999999999994,0.8991131246101901,0.2219999999999994,0.09788706121291323
0.2209999999999994,0.2209999999999994,0.2209999999999994,0.8991199816050369,0.2209999999999994,0.09752732488215882
0.2199999999999994,0.2199999999999994,0.2199999999999994,0.8991268071495064,0.2199999999999994,0.09716650414564491
0.2189999999999994,0.2189999999999994,0.2189999999999994,0.8991336009593128,0.2189999999999994,0.09680460745647627
0.2179999999999994,0.2179999999999994,0.2179999999999994,0.8991403627600461,0.2179999999999994,0.09644164316691679
0.2169999999999994,0.2169999999999994,0.2169999999999994,0.8991470922870566,0.2169999999999994,0.09607761952825145
0.2159999999999994,0.2159999999999994,0.2159999999999994,0.8991537892853368,0.2159999999999994,0.09571254469074778
0.2149999999999994,0.2149999999999994,0.2149999999999994,0.8991604535094023,0.2149999999999994,0.09534642670371175
0.2139999999999994,0.2139999999999994,0.2139999999999994,0.8991670847231662,0.2139999999999994,0.0949792735156374
0.2129999999999994,0.2129999999999994,0.2129999999999994,0.8991736826998183,0.2129999999999994,0.09461109297444176
0.2119999999999994,0.2119999999999994,0.2119999999999994,0.8991802472216973,0.2119999999999994,0.0942418928277835
0.2109999999999994,0.2109999999999994,0.2109999999999994,0.899186778080164,0.2109999999999994,0.09387168072346318
0.2099999999999994,0.2099999999999994,0.2099999999999994,0.8991932750754731,0.2099999999999994,0.09350046420989594
0.2089999999999994,0.2089999999999994,0.2089999999999994,0.8991997380166439,0.2089999999999994,0.09312825073665879
0.2079999999999994,0.2079999999999994,0.2079999999999994,0.8992061667213289,0.2079999999999994,0.09275504765510265
0.2069999999999994,0.2069999999999994,0.2069999999999994,0.8992125610156845,0.2069999999999994,0.09238086221902958
0.2059999999999994,0.2059999999999994,0.2059999999999994,0.8992189207342379,0.2059999999999994,0.09200570158542944
0.2049999999999994,0.2049999999999994,0.2049999999999994,0.8992252457197561,0.2049999999999994,0.09162957281527104
0.2039999999999994,0.2039999999999994,0.2039999999999994,0.8992315358231132,0.2039999999999994,0.09125248287434665
0.2029999999999994,0.2029999999999994,0.2029999999999994,0.8992377909031591,0.2029999999999994,0.09087443863416313
0.2019999999999994,0.2019999999999994,0.2019999999999994,0.8992440108265867,0.2019999999999994,0.09049544687287819
0.2009999999999994,0.2009999999999994,0.2009999999999994,0.8992501954677995,0.2009999999999994,0.09011551427627708
0.1999999999999994,0.1999999999999994,0.1999999999999994,0.8992563447087814,0.1999999999999994,0.08973464743878586
0.1989999999999994,0.1989999999999994,0.1989999999999994,0.899262458438964,0.1989999999999994,0.08935285286451874
0.1979999999999994,0.1979999999999994,0.1979999999999994,0.8992685365550973,0.1979999999999994,0.08897013696835521
0.1969999999999994,0.1969999999999994,0.1969999999999994,0.8992745789611187,0.1969999999999994,0.08858650607704421
0.1959999999999994,0.1959999999999994,0.1959999999999994,0.8992805855680236,0.1959999999999994,0.08820196643033122
0.1949999999999994,0.1949999999999994,0.1949999999999994,0.8992865562937375,0.1949999999999994,0.08781652418210789
0.1939999999999994,0.1939999999999994,0.1939999999999994,0.8992924910629884,0.1939999999999994,0.08743018540157621
0.1929999999999994,0.1929999999999994,0.1929999999999994,0.8992983898071791,0.1929999999999994,0.0870429560744303
0.1919999999999994,0.1919999999999994,0.1919999999999994,0.8993042524642633,0.1919999999999994,0.08665484210404836
0.1909999999999994,0.1909999999999994,0.1909999999999994,0.8993100789786194,0.1909999999999994,0.08626584931269472
0.1899999999999994,0.1899999999999994,0.1899999999999994,0.8993158693009279,0.1899999999999994,0.08587598344272888
0.1889999999999994,0.1889999999999994,0.1889999999999994,0.8993216233880491,0.1889999999999994,0.08548525015781874
0.1879999999999994,0.1879999999999994,0.1879999999999994,0.8993273412029025,0.1879999999999994,0.08509365504415614
0.1869999999999994,0.1869999999999994,0.1869999999999994,0.8993330227143462,0.1869999999999994,0.08470120361167312
0.1859999999999994,0.1859999999999994,0.1859999999999994,0.8993386678970597,0.1859999999999994,0.08430790129525517
0.1849999999999994,0.1849999999999994,0.1849999999999994,0.8993442767314264,0.1849999999999994,0.08391375345595285
0.1839999999999994,0.1839999999999994,0.1839999999999994,0.8993498492034172,0.1839999999999994,0.08351876538218579
0.1829999999999994,0.1829999999999994,0.1829999999999994,0.8993553853044781,0.1829999999999994,0.08312294229094087
0.1819999999999994,0.1819999999999994,0.1819999999999994,0.899360885031416,0.1819999999999994,0.08272628932896216
0.1809999999999994,0.1809999999999994,0.1809999999999994,0.8993663483862876,0.1809999999999994,0.08232881157393024
0.1799999999999994,0.1799999999999994,0.1799999999999994,0.8993717753762902,0.1799999999999994,0.08193051403563016
0.1789999999999994,0.1789999999999994,0.1789999999999994,0.8993771660136525,0.1789999999999994,0.08153140165710879
0.1779999999999994,0.1779999999999994,0.1779999999999994,0.8993825203155281,0.1779999999999994,0.08113147931581685
0.1769999999999994,0.1769999999999994,0.1769999999999994,0.89938783830389,0.1769999999999994,0.08073075182473745
0.1759999999999994,0.1759999999999994,0.1759999999999994,0.899393120005426,0.1759999999999994,0.0803292239335001
0.1749999999999994,0.1749999999999994,0.1749999999999994,0.8993983654514378,0.1749999999999994,0.07992690032947823
0.1739999999999994,0.1739999999999994,0.1739999999999994,0.8994035746777377,0.1739999999999994,0.0795237856388704
0.1729999999999994,0.1729999999999994,0.1729999999999994,0.8994087477245504,0.1729999999999994,0.07911988442776416
0.1719999999999994,0.1719999999999994,0.1719999999999994,0.8994138846364149,0.1719999999999994,0.07871520120318398
0.1709999999999994,0.1709999999999994,0.1709999999999994,0.8994189854620872,0.1709999999999994,0.07830974041411887
0.1699999999999994,0.1699999999999994,0.1699999999999994,0.8994240502544454,0.1699999999999994,0.0779035064525342
0.1689999999999994,0.1689999999999994,0.1689999999999994,0.8994290790703954,0.1689999999999994,0.07749650365436346
0.1679999999999994,0.1679999999999994,0.1679999999999994,0.8994340719707793,0.1679999999999994,0.07708873630048264
0.1669999999999994,0.1669999999999994,0.1669999999999994,0.8994390290202834,0.1669999999999994,0.07668020861766575
0.1659999999999994,0.1659999999999994,0.1659999999999994,0.8994439502873489,0.1659999999999994,0.07627092477952051
0.1649999999999994,0.1649999999999994,0.1649999999999994,0.8994488358440837,0.1649999999999994,0.07586088890740754
0.1639999999999994,0.1639999999999994,0.1639999999999994,0.8994536857661756,0.1639999999999994,0.07545010507133945
0.1629999999999994,0.1629999999999994,0.1629999999999994,0.8994585001328059,0.1629999999999994,0.07503857729086137
0.1619999999999994,0.1619999999999994,0.1619999999999994,0.899463279026566,0.1619999999999994,0.07462630953591465
0.1609999999999994,0.1609999999999994,0.1609999999999994,0.8994680225333735,0.1609999999999994,0.07421330572768105
0.1599999999999994,0.1599999999999994,0.1599999999999994,0.899472730742391,0.1599999999999994,0.07379956973940982
0.1589999999999994,0.1589999999999994,0.1589999999999994,0.8994774037459453,0.1589999999999994,0.07338510539722699
0.1579999999999994,0.1579999999999994,0.1579999999999994,0.8994820416394483,0.1579999999999994,0.072969916480928
0.1569999999999994,0.1569999999999994,0.1569999999999994,0.8994866445213191,0.1569999999999994,0.07255400672475221
0.1559999999999994,0.1559999999999994,0.1559999999999994,0.8994912124929062,0.1559999999999994,0.07213737981814256
0.1549999999999994,0.1549999999999994,0.1549999999999994,0.8994957456584128,0.1549999999999994,0.07172003940648701
0.1539999999999994,0.1539999999999994,0.1539999999999994,0.8995002441248222,0.1539999999999994,0.07130198909184626
0.1529999999999994,0.1529999999999994,0.1529999999999994,0.8995047080018244,0.1529999999999994,0.07088323243366458
0.1519999999999994,0.1519999999999994,0.1519999999999994,0.8995091374017428,0.1519999999999994,0.0704637729494661
0.1509999999999994,0.1509999999999994,0.1509999999999994,0.8995135324394642,0.1509999999999994,0.07004361411553729
0.1499999999999994,0.1499999999999994,0.1499999999999994,0.8995178932323694,0.1499999999999994,0.06962275936759373
0.1489999999999994,0.1489999999999994,0.1489999999999994,0.899522219900262,0.1489999999999994,0.06920121210143459
0.1479999999999994,0.1479999999999994,0.1479999999999994,0.8995265125653028,0.1479999999999994,0.06877897567358356
0.1469999999999994,0.1469999999999994,0.1469999999999994,0.899530771351941,0.1469999999999994,0.06835605340191617
0.1459999999999994,0.1459999999999994,0.1459999999999994,0.8995349963868503,0.1459999999999994,0.06793244856627562
0.1449999999999994,0.1449999999999994,0.1449999999999994,0.8995391877988624,0.1449999999999994,0.06750816440907621
0.1439999999999994,0.1439999999999994,0.1439999999999994,0.8995433457189044,0.1439999999999994,0.0670832041358954
0.1429999999999993,0.1429999999999993,0.1429999999999993,0.8995474702799349,0.1429999999999993,0.06665757091605461
0.1419999999999993,0.1419999999999993,0.1419999999999993,0.8995515616168831,0.1419999999999993,0.06623126788318895
0.1409999999999993,0.1409999999999993,0.1409999999999993,0.8995556198665876,0.1409999999999993,0.0658042981358076
0.1399999999999993,0.1399999999999993,0.1399999999999993,0.899559645167736,0.1399999999999993,0.06537666473784358
0.1389999999999993,0.1389999999999993,0.1389999999999993,0.8995636376608068,0.1389999999999993,0.06494837071919421
0.1379999999999993,0.1379999999999993,0.1379999999999993,0.8995675974880099,0.1379999999999993,0.06451941907625139
0.1369999999999993,0.1369999999999993,0.1369999999999993,0.8995715247932312,0.1369999999999993,0.06408981277242576
0.1359999999999993,0.1359999999999993,0.1359999999999993,0.8995754197219749,0.1359999999999993,0.06365955473865939
0.1349999999999993,0.1349999999999993,0.1349999999999993,0.8995792824213084,0.1349999999999993,0.06322864787393209
0.1339999999999993,0.1339999999999993,0.1339999999999993,0.8995831130398086,0.1339999999999993,0.06279709504575959
0.1329999999999993,0.1329999999999993,0.1329999999999993,0.8995869117275073,0.1329999999999993,0.0623648990906846
0.1319999999999993,0.1319999999999993,0.1319999999999993,0.8995906786358385,0.1319999999999993,0.06193206281476002
0.1309999999999993,0.1309999999999993,0.1309999999999993,0.8995944139175868,0.1309999999999993,0.06149858899402565
0.1299999999999993,0.1299999999999993,0.1299999999999993,0.8995981177268366,0.1299999999999993,0.06106448037497886
0.1289999999999993,0.1289999999999993,0.1289999999999993,0.8996017902189208,0.1289999999999993,0.06062973967503833
0.1279999999999993,0.1279999999999993,0.1279999999999993,0.8996054315503728,0.1279999999999993,0.06019436958300137
0.1269999999999993,0.1269999999999993,0.1269999999999993,0.899609041878876,0.1269999999999993,0.05975837275949702
0.1259999999999993,0.1259999999999993,0.1259999999999993,0.899612621363218,0.1259999999999993,0.05932175183743167
0.1249999999999993,0.1249999999999993,0.1249999999999993,0.8996161701632417,0.1249999999999993,0.05888450942243072
0.1239999999999993,0.1239999999999993,0.1239999999999993,0.8996196884398004,0.1239999999999993,0.0584466480932748
0.1229999999999993,0.1229999999999993,0.1229999999999993,0.899623176354712,0.1229999999999993,0.05800817040232965
0.1219999999999993,0.1219999999999993,0.1219999999999993,0.8996266340707143,0.1219999999999993,0.05756907887597403
0.1209999999999993,0.1209999999999993,0.1209999999999993,0.8996300617514205,0.1209999999999993,0.05712937601501996
0.1199999999999993,0.1199999999999993,0.1199999999999993,0.8996334595612768,0.1199999999999993,0.05668906429513115
0.1189999999999993,0.1189999999999993,0.1189999999999993,0.8996368276655201,0.1189999999999993,0.05624814616723484
0.1179999999999993,0.1179999999999993,0.1179999999999993,0.899640166230136,0.1179999999999993,0.05580662405793112
0.1169999999999993,0.1169999999999993,0.1169999999999993,0.8996434754218176,0.1169999999999993,0.05536450036989747
0.1159999999999993,0.1159999999999993,0.1159999999999993,0.8996467554079262,0.1159999999999993,0.0549217774822898
0.1149999999999993,0.1149999999999993,0.1149999999999993,0.899650006356451,0.1149999999999993,0.05447845775113906
0.1139999999999993,0.1139999999999993,0.1139999999999993,0.8996532284359713,0.1139999999999993,0.05403454350974406
0.1129999999999993,0.1129999999999993,0.1129999999999993,0.8996564218156177,0.1129999999999993,0.0535900370690622
0.1119999999999993,0.1119999999999993,0.1119999999999993,0.8996595866650355,0.1119999999999993,0.05314494071809479
0.1109999999999993,0.1109999999999993,0.1109999999999993,0.8996627231543476,0.1109999999999993,0.05269925672426925
0.1099999999999993,0.1099999999999993,0.1099999999999993,0.8996658314541192,0.1099999999999993,0.05225298733381875
0.1089999999999993,0.1089999999999993,0.1089999999999993,0.899668911735322,0.1089999999999993,0.05180613477215815
0.1079999999999993,0.1079999999999993,0.1079999999999993,0.8996719641693004,0.1079999999999993,0.05135870124425584
0.1069999999999993,0.1069999999999993,0.1069999999999993,0.8996749889277372,0.1069999999999993,0.05091068893500339
0.1059999999999993,0.1059999999999993,0.1059999999999993,0.8996779861826207,0.1059999999999993,0.05046210000958144
0.1049999999999993,0.1049999999999993,0.1049999999999993,0.8996809561062128,0.1049999999999993,0.05001293661382204
0.1039999999999993,0.1039999999999993,0.1039999999999993,0.8996838988710155,0.1039999999999993,0.04956320087456895
0.1029999999999993,0.1029999999999993,0.1029999999999993,0.8996868146497419,0.1029999999999993,0.04911289490003352
0.1019999999999993,0.1019999999999993,0.1019999999999993,0.8996897036152841,0.1019999999999993,0.04866202078014824
0.1009999999999993,0.1009999999999993,0.1009999999999993,0.8996925659406845,0.1009999999999993,0.04821058058691691
0.09999999999999931,0.09999999999999931,0.09999999999999931,0.8996954017991056,0.09999999999999931,0.04775857637476173
0.09899999999999931,0.09899999999999931,0.09899999999999931,0.8996982113638022,0.09899999999999931,0.04730601018086717
0.09799999999999931,0.09799999999999931,0.09799999999999931,0.8997009948080924,0.09799999999999931,0.04685288402552088
0.09699999999999931,0.09699999999999931,0.09699999999999931,0.8997037523053319,0.09699999999999931,0.04639919991245155
0.09599999999999931,0.09599999999999931,0.09599999999999931,0.8997064840288856,0.09599999999999931,0.04594495982916356
0.09499999999999931,0.09499999999999931,0.09499999999999931,0.8997091901521019,0.09499999999999931,0.04549016574726858
0.09399999999999931,0.09399999999999931,0.09399999999999931,0.8997118708482877,0.09399999999999931,0.0450348196228134
0.09299999999999931,0.09299999999999931,0.09299999999999931,0.8997145262906827,0.09299999999999931,0.04457892339660571
0.0919999999999993,0.0919999999999993,0.0919999999999993,0.8997171566524348,0.0919999999999993,0.04412247899453642
0.0909999999999993,0.0909999999999993,0.0909999999999993,0.8997197621065771,0.0909999999999993,0.04366548832789785
0.0899999999999993,0.0899999999999993,0.0899999999999993,0.8997223428260039,0.0899999999999993,0.0432079532937003
0.0889999999999993,0.0889999999999993,0.0889999999999993,0.8997248989834477,0.0889999999999993,0.04274987577498321
0.0879999999999993,0.0879999999999993,0.0879999999999993,0.8997274307514577,0.0879999999999993,0.04229125764112603
0.0869999999999993,0.0869999999999993,0.0869999999999993,0.8997299383023772,0.0869999999999993,0.04183210074815309
0.0859999999999993,0.0859999999999993,0.0859999999999993,0.899732421808323,0.0859999999999993,0.04137240693903665
0.0849999999999993,0.0849999999999993,0.0849999999999993,0.8997348814411641,0.0849999999999993,0.04091217804399629
0.0839999999999993,0.0839999999999993,0.0839999999999993,0.8997373173725023,0.0839999999999993,0.04045141588079477
0.0829999999999993,0.0829999999999993,0.0829999999999993,0.8997397297736516,0.0829999999999993,0.03999012225503108
0.0819999999999993,0.0819999999999993,0.0819999999999993,0.8997421188156193,0.0819999999999993,0.03952829896042919
0.08099999999999929,0.08099999999999929,0.08099999999999929,0.8997444846690873,0.08099999999999929,0.03906594777912437
0.07999999999999929,0.07999999999999929,0.07999999999999929,0.8997468275043941,0.07999999999999929,0.03860307048194538
0.07899999999999929,0.07899999999999929,0.07899999999999929,0.8997491474915159,0.07899999999999929,0.0381396688286935
0.07799999999999929,0.07799999999999929,0.07799999999999929,0.8997514448000499,0.07799999999999929,0.03767574456841779
0.07699999999999929,0.07699999999999929,0.07699999999999929,0.899753719599198,0.07699999999999929,0.03721129943968703
0.07599999999999929,0.07599999999999929,0.07599999999999929,0.8997559720577487,0.07599999999999929,0.03674633517085832
0.07499999999999929,0.07499999999999929,0.07499999999999929,0.8997582023440618,0.07499999999999929,0.03628085348034123
0.07399999999999929,0.07399999999999929,0.07399999999999929,0.8997604106260531,0.07399999999999929,0.03581485607685972
0.07299999999999929,0.07299999999999929,0.07299999999999929,0.8997625970711782,0.07299999999999929,0.03534834465970874
0.07199999999999929,0.07199999999999929,0.07199999999999929,0.8997647618464184,0.07199999999999929,0.03488132091900886
0.07099999999999929,0.07099999999999929,0.07099999999999929,0.8997669051182657,0.07099999999999929,0.03441378653595552
0.06999999999999929,0.06999999999999929,0.06999999999999929,0.8997690270527089,0.06999999999999929,0.03394574318306635
0.06899999999999928,0.06899999999999928,0.06899999999999928,0.8997711278152192,0.06899999999999928,0.03347719252442252
0.06799999999999928,0.06799999999999928,0.06799999999999928,0.8997732075707383,0.06799999999999928,0.0330081362159092
0.06699999999999928,0.06699999999999928,0.06699999999999928,0.8997752664836636,0.06699999999999928,0.03253857590544951
0.06599999999999928,0.06599999999999928,0.06599999999999928,0.8997773047178368,0.06599999999999928,0.03206851323323534
0.06499999999999928,0.06499999999999928,0.06499999999999928,0.8997793224365311,0.06499999999999928,0.031597949831956
0.06399999999999928,0.06399999999999928,0.06399999999999928,0.8997813198024391,0.06399999999999928,0.0311268873270212
0.06299999999999928,0.06299999999999928,0.06299999999999928,0.8997832969776617,0.06299999999999928,0.03065532733677994
0.06199999999999928,0.06199999999999928,0.06199999999999928,0.8997852541236961,0.06199999999999928,0.03018327147273708
0.06099999999999928,0.06099999999999928,0.06099999999999928,0.8997871914014254,0.06099999999999928,0.02971072133976499
0.05999999999999928,0.05999999999999928,0.05999999999999928,0.8997891089711079,0.05999999999999928,0.02923767853631083
0.05899999999999928,0.05899999999999928,0.05899999999999928,0.899791006992366,0.05899999999999928,0.02876414465460085
0.05799999999999927,0.05799999999999927,0.05799999999999927,0.8997928856241771,0.05799999999999927,0.0282901212808403
0.05699999999999927,0.05699999999999927,0.05699999999999927,0.8997947450248636,0.05699999999999927,0.02781560999540872
0.05599999999999927,0.05599999999999927,0.05599999999999927,0.8997965853520832,0.05599999999999927,0.02734061237305284
0.05499999999999927,0.05499999999999927,0.05499999999999927,0.8997984067628201,0.05499999999999927,0.02686512998307287
0.05399999999999927,0.05399999999999927,0.05399999999999927,0.8998002094133759,0.05399999999999927,0.02638916438950764
0.05299999999999927,0.05299999999999927,0.05299999999999927,0.8998019934593608,0.05299999999999927,0.02591271715131344
0.05199999999999927,0.05199999999999927,0.05199999999999927,0.8998037590556864,0.05199999999999927,0.02543578982254046
0.05099999999999927,0.05099999999999927,0.05099999999999927,0.8998055063565562,0.05099999999999927,0.02495838395250346
0.04999999999999927,0.04999999999999927,0.04999999999999927,0.8998072355154587,0.04999999999999927,0.02448050108594966
0.04899999999999927,0.04899999999999927,0.04899999999999927,0.8998089466851604,0.04899999999999927,0.02400214276322235
0.04799999999999927,0.04799999999999927,0.04799999999999927,0.8998106400176972,0.04799999999999927,0.02352331052041983
0.04699999999999926,0.04699999999999926,0.04699999999999926,0.8998123156643686,0.04699999999999926,0.02304400588955064
0.04599999999999926,0.04599999999999926,0.04599999999999926,0.8998139737757307,0.04599999999999926,0.02256423039868494
0.04499999999999926,0.04499999999999926,0.04499999999999926,0.8998156145015895,0.04499999999999926,0.02208398557210123
0.04399999999999926,0.04399999999999926,0.04399999999999926,0.899817237990995,0.04399999999999926,0.02160327293042899
0.04299999999999926,0.04299999999999926,0.04299999999999926,0.8998188443922353,0.04299999999999926,0.02112209399078813
0.04199999999999926,0.04199999999999926,0.04199999999999926,0.8998204338528301,0.04199999999999926,0.02064045026692286
0.04099999999999926,0.04099999999999926,0.04099999999999926,0.899822006519526,0.04099999999999926,0.02015834326933276
0.03999999999999926,0.03999999999999926,0.03999999999999926,0.899823562538292,0.03999999999999926,0.01967577450539887
0.03899999999999926,0.03899999999999926,0.03899999999999926,0.8998251020543121,0.03899999999999926,0.01919274547950613
0.03799999999999926,0.03799999999999926,0.03799999999999926,0.8998266252119825,0.03799999999999926,0.01870925769316178
0.03699999999999926,0.03699999999999926,0.03699999999999926,0.8998281321549066,0.03699999999999926,0.01822531264510907
0.03599999999999925,0.03599999999999925,0.03599999999999925,0.8998296230258904,0.03599999999999925,0.01774091183143802
0.03499999999999925,0.03499999999999925,0.03499999999999925,0.8998310979669379,0.03499999999999925,0.01725605674569049
0.03399999999999925,0.03399999999999925,0.03399999999999925,0.8998325571192481,0.03399999999999925,0.01677074887896277
0.03299999999999925,0.03299999999999925,0.03299999999999925,0.899834000623211,0.03299999999999925,0.01628498972000355
0.03199999999999925,0.03199999999999925,0.03199999999999925,0.8998354286184033,0.03199999999999925,0.01579878075530665
0.03099999999999925,0.03099999999999925,0.03099999999999925,0.8998368412435861,0.03099999999999925,0.01531212346920229
0.02999999999999925,0.02999999999999925,0.02999999999999925,0.8998382386367011,0.02999999999999925,0.01482501934394181
0.02899999999999925,0.02899999999999925,0.02899999999999925,0.8998396209348677,0.02899999999999925,0.01433746985977995
0.02799999999999925,0.02799999999999925,0.02799999999999925,0.899840988274381,0.02799999999999925,0.01384947649505226
0.02699999999999925,0.02699999999999925,0.02699999999999925,0.8998423407907081,0.02699999999999925,0.01336104072624914
0.02599999999999925,0.02599999999999925,0.02599999999999925,0.8998436786184864,0.02599999999999925,0.01287216402808589
0.02499999999999925,0.02499999999999925,0.02499999999999925,0.8998450018915217,0.02499999999999925,0.01238284787356796
0.02399999999999924,0.02399999999999924,0.02399999999999924,0.8998463107427849,0.02399999999999924,0.01189309373405402
0.02299999999999924,0.02299999999999924,0.02299999999999924,0.899847605304412,0.02299999999999924,0.01140290307931329
0.02199999999999924,0.02199999999999924,0.02199999999999924,0.8998488857077005,0.02199999999999924,0.01091227737757965
0.02099999999999924,0.02099999999999924,0.02099999999999924,0.8998501520831099,0.02099999999999924,0.01042121809560296
0.01999999999999924,0.01999999999999924,0.01999999999999924,0.8998514045602579,0.01999999999999924,0.009929726698694638
0.01899999999999924,0.01899999999999924,0.01899999999999924,0.8998526432679222,0.01899999999999924,0.00943780465077133
0.01799999999999924,0.01799999999999924,0.01799999999999924,0.899853868334037,0.01799999999999924,0.008945453414393343
0.01699999999999924,0.01699999999999924,0.01699999999999924,0.8998550798856929,0.01699999999999924,0.008452674450800089
0.01599999999999924,0.01599999999999924,0.01599999999999924,0.8998562780491368,0.01599999999999924,0.007959469219941369
0.01499999999999924,0.01499999999999924,0.01499999999999924,0.8998574629497708,0.01499999999999924,0.00746583918050628
0.01399999999999924,0.01399999999999924,0.01399999999999924,0.899858634712152,0.01399999999999924,0.006971785789945752
0.01299999999999923,0.01299999999999923,0.01299999999999923,0.8998597934599919,0.01299999999999923,0.006477310504494391
0.01199999999999923,0.01199999999999923,0.01199999999999923,0.8998609393161565,0.01199999999999923,0.005982414779187239
0.01099999999999923,0.01099999999999923,0.01099999999999923,0.8998620724026669,0.01099999999999923,0.005487100067872049
0.009999999999999232,0.009999999999999232,0.009999999999999232,0.899863192840698,0.009999999999999232,0.004991367823220935
0.008999999999999231,0.008999999999999231,0.008999999999999231,0.8998643007505809,0.008999999999999231,0.004495219496734722
0.00799999999999923,0.00799999999999923,0.00799999999999923,0.8998653962518007,0.00799999999999923,0.003998656538747063
0.00699999999999923,0.00699999999999923,0.00699999999999923,0.8998664794629998,0.00699999999999923,0.003501680398423232
0.00599999999999923,0.00599999999999923,0.00599999999999923,0.8998675505019765,0.00599999999999923,0.003004292523755491
0.00499999999999923,0.00499999999999923,0.00499999999999923,0.8998686094856871,0.00499999999999923,0.002506494361556279
0.00399999999999923,0.00399999999999923,0.00399999999999923,0.8998696565302459,0.00399999999999923,0.00200828735744691
0.00299999999999923,0.00299999999999923,0.00299999999999923,0.8998706917509267,0.00299999999999923,0.001509672955842746
0.00199999999999923,0.00199999999999923,0.00199999999999923,0.8998717152621643,0.00199999999999923,0.001010652599935798
0.0009999999999992298,0.0009999999999992298,0.0009999999999992298,0.8998727271775552,0.0009999999999992298,0.0005112277316743211
0,0,0,0.8998737276098591,0,1.139979173796375e-05
