/bl X,/bl Y,/blb X,/blb Y,/q X,/q Y,/qb X,/qb Y,/w X,/w Y
0,0,0,0.9,0,0.424425778312464,0,0.4243685888040108,0,0
6.25e-12,0.05624999999999999,6.25e-12,0.84375,6.25e-12,0.4304341308535976,6.25e-12,0.4303700228198094,6.25e-12,0.05624999999999999
1.229021879202695e-11,0.1106119691282426,1.229021879202695e-11,0.7893880308717575,1.229021879202695e-11,0.4333346818358625,1.229021879202695e-11,0.4332559588280381,1.229021879202695e-11,0.1106119691282426
2.437065637608086e-11,0.2193359073847277,2.437065637608086e-11,0.6806640926152723,2.437065637608086e-11,0.4362128626613515,2.437065637608086e-11,0.4360852908205874,2.437065637608086e-11,0.2193359073847277
3.621269333893468e-11,0.3259142400504121,3.621269333893468e-11,0.5740857599495879,3.621269333893468e-11,0.4362264265458118,3.621269333893468e-11,0.4359997996523227,3.621269333893468e-11,0.3259142400504121
5.989676726464232e-11,0.5390709053817809,5.989676726464232e-11,0.3609290946182191,5.989676726464232e-11,0.4369902380409039,5.989676726464232e-11,0.4350886872163439,5.989676726464232e-11,0.5390709053817809
6.517132876578521e-11,0.586541958892067,6.517132876578521e-11,0.3134580411079331,6.517132876578521e-11,0.4373365421775306,6.517132876578521e-11,0.4340613218056702,6.517132876578521e-11,0.586541958892067
7.572045176807099e-11,0.681484065912639,7.572045176807099e-11,0.218515934087361,7.572045176807099e-11,0.4394193388799563,7.572045176807099e-11,0.4069011757899995,7.572045176807099e-11,0.681484065912639
8.387881638741754e-11,0.7549093474867578,8.387881638741754e-11,0.1450906525132423,8.387881638741754e-11,0.4513983463639753,8.387881638741754e-11,0.3392426307260829,8.387881638741754e-11,0.7549093474867578
9.080606654577872e-11,0.8172545989120085,9.080606654577872e-11,0.08274540108799155,9.080606654577872e-11,0.4845882066308361,9.080606654577872e-11,0.2384342219487051,9.080606654577872e-11,0.8172545989120085
9.540303327288935e-11,0.8586272994560041,9.540303327288935e-11,0.04137270054399589,9.540303327288935e-11,0.5263875489705009,9.540303327288935e-11,0.1586486750330938,9.540303327288935e-11,0.8586272994560041
1e-10,0.9,1e-10,0,1e-10,0.5873177226121951,1e-10,0.08738963369082674,1e-10,0.9
1.017353357580542e-10,0.9,1.017353357580542e-10,0,1.017353357580542e-10,0.6143163176396268,1.017353357580542e-10,0.06803715847974524,1.017353357580542e-10,0.9
1.042881074385e-10,0.9,1.042881074385e-10,0,1.042881074385e-10,0.6570045208828964,1.042881074385e-10,0.04695973925354471,1.042881074385e-10,0.9
1.066707601031351e-10,0.9,1.066707601031351e-10,0,1.066707601031351e-10,0.6994696446134376,1.066707601031351e-10,0.03683073274470154,1.066707601031351e-10,0.9
1.112982019646487e-10,0.9,1.112982019646487e-10,0,1.112982019646487e-10,0.7732158408180189,1.112982019646487e-10,0.02506347754283157,1.112982019646487e-10,0.9
1.146058174648577e-10,0.9,1.146058174648577e-10,0,1.146058174648577e-10,0.8139072637169803,1.146058174648577e-10,0.01893612205910097,1.146058174648577e-10,0.9
1.19460105899491e-10,0.9,1.19460105899491e-10,0,1.19460105899491e-10,0.8536836256714442,1.19460105899491e-10,0.01131036714349224,1.19460105899491e-10,0.9
1.273604944789121e-10,0.9,1.273604944789121e-10,0,1.273604944789121e-10,0.8849440772129668,1.273604944789121e-10,0.003887818515822749,1.273604944789121e-10,0.9
1.332029086306958e-10,0.9,1.332029086306958e-10,0,1.332029086306958e-10,0.8933947418841294,1.332029086306958e-10,0.001709653653846251,1.332029086306958e-10,0.9
1.396456797047416e-10,0.9,1.396456797047416e-10,0,1.396456797047416e-10,0.8973479474219852,1.396456797047416e-10,0.0006678164797254244,1.396456797047416e-10,0.9
1.468517215870981e-10,0.9,1.468517215870981e-10,0,1.468517215870981e-10,0.8990136122683133,1.468517215870981e-10,0.0002387381359925645,1.468517215870981e-10,0.9
1.569938537664432e-10,0.9,1.569938537664432e-10,0,1.569938537664432e-10,0.8997167684551236,1.569938537664432e-10,4.906057379289001e-05,1.569938537664432e-10,0.9
1.708488369850599e-10,0.9,1.708488369850599e-10,0,1.708488369850599e-10,0.8998747275523657,1.708488369850599e-10,1.449793789271795e-05,1.708488369850599e-10,0.9
1.920716108540511e-10,0.9,1.920716108540511e-10,0,1.920716108540511e-10,0.8998713740146592,1.920716108540511e-10,8.664088748512361e-06,1.920716108540511e-10,0.9
2.273422810816287e-10,0.9,2.273422810816287e-10,0,2.273422810816287e-10,0.8998762153999946,2.273422810816287e-10,1.410684049979512e-05,2.273422810816287e-10,0.9
2.978836215367838e-10,0.9,2.978836215367838e-10,0,2.978836215367838e-10,0.89987116984394,2.978836215367838e-10,8.739108966559055e-06,2.978836215367838e-10,0.9
4.352079641267051e-10,0.9,4.352079641267051e-10,0,4.352079641267051e-10,0.8998762631758717,4.352079641267051e-10,1.408100683559123e-05,4.352079641267051e-10,0.9
6.93583043347624e-10,0.9,6.93583043347624e-10,0,6.93583043347624e-10,0.8998711531387372,6.93583043347624e-10,8.750971206102705e-06,6.93583043347624e-10,0.9
1.197594024969785e-09,0.9,1.197594024969785e-09,0,1.197594024969785e-09,0.899876270247433,1.197594024969785e-09,1.407508183214993e-05,1.197594024969785e-09,0.9
2.166118609691817e-09,0.9,2.166118609691817e-09,0,2.166118609691817e-09,0.8998711499039687,2.166118609691817e-09,8.753954693088584e-06,2.166118609691817e-09,0.9
4.028101182301772e-09,0.9,4.028101182301772e-09,0,4.028101182301772e-09,0.8998762718278801,4.028101182301772e-09,1.407354646906183e-05,4.028101182301772e-09,0.9
6.028101182301773e-09,0.9,6.028101182301773e-09,0,6.028101182301773e-09,0.8998711488994982,6.028101182301773e-09,8.754962680155838e-06,6.028101182301773e-09,0.9
8.028101182301773e-09,0.9,8.028101182301773e-09,0,8.028101182301773e-09,0.8998762727710508,8.028101182301773e-09,1.407257860185717e-05,8.028101182301773e-09,0.9
9.064050591150885e-09,0.9,9.064050591150885e-09,0,9.064050591150885e-09,0.8998711475689647,9.064050591150885e-09,8.756372669892527e-06,9.064050591150885e-09,0.9
1.01e-08,0.9,1.01e-08,0,1.01e-08,0.8998762744576279,1.01e-08,1.407073138895975e-05,1.01e-08,0.9
1.011975604026325e-08,0.9,1.011975604026325e-08,0,1.011975604026325e-08,0.8944439326464652,1.011975604026325e-08,-0.003446345068130229,1.011975604026325e-08,0.7221956376307286
1.01408510414186e-08,0.9,1.01408510414186e-08,0,1.01408510414186e-08,0.8927870125319507,1.01408510414186e-08,-0.004265227515718487,1.01408510414186e-08,0.5323406272326012
1.01704255207093e-08,0.9,1.01704255207093e-08,0,1.01704255207093e-08,0.8933272907184108,1.01704255207093e-08,-0.004827101849095681,1.01704255207093e-08,0.2661703136162966
1.02e-08,0.9,1.02e-08,0,1.02e-08,0.8931678799386291,1.02e-08,-0.005235104987135739,1.02e-08,0
1.020345749994502e-08,0.9,1.020345749994502e-08,0,1.020345749994502e-08,0.8965176671992505,1.020345749994502e-08,-0.002103944734486569,1.020345749994502e-08,0
1.02100576590726e-08,0.9,1.02100576590726e-08,0,1.02100576590726e-08,0.8996745791732895,1.02100576590726e-08,0.0005497411127865384,1.02100576590726e-08,0
1.021686076112623e-08,0.9,1.021686076112623e-08,0,1.021686076112623e-08,0.8996628341028958,1.021686076112623e-08,0.0001124010639569034,1.021686076112623e-08,0
1.0228053891148e-08,0.9,1.0228053891148e-08,0,1.0228053891148e-08,0.8998376863039437,1.0228053891148e-08,4.932374514779614e-05,1.0228053891148e-08,0
1.023903489156967e-08,0.9,1.023903489156967e-08,0,1.023903489156967e-08,0.8998597544792279,1.023903489156967e-08,1.791331464524296e-05,1.023903489156967e-08,0
1.0260996892413e-08,0.9,1.0260996892413e-08,0,1.0260996892413e-08,0.8998727301691999,1.0260996892413e-08,1.357130208553588e-05,1.0260996892413e-08,0
1.030492089409968e-08,0.9,1.030492089409968e-08,0,1.030492089409968e-08,0.8998700918877557,1.030492089409968e-08,1.35820132175505e-05,1.030492089409968e-08,0
1.039276889747302e-08,0.9,1.039276889747302e-08,0,1.039276889747302e-08,0.8998714608003123,1.039276889747302e-08,1.349305151720381e-05,1.039276889747302e-08,0
1.056846490421972e-08,0.9,1.056846490421972e-08,0,1.056846490421972e-08,0.8998705170550403,1.056846490421972e-08,1.369101140680102e-05,1.056846490421972e-08,0
1.091985691771311e-08,0.9,1.091985691771311e-08,0,1.091985691771311e-08,0.8998712810968621,1.091985691771311e-08,1.343179733814704e-05,1.091985691771311e-08,0
1.162264094469988e-08,0.9,1.162264094469988e-08,0,1.162264094469988e-08,0.8998706001653595,1.162264094469988e-08,1.372259621669317e-05,1.162264094469988e-08,0
1.302820899867343e-08,0.9,1.302820899867343e-08,0,1.302820899867343e-08,0.8998712410782106,1.302820899867343e-08,1.341583475178157e-05,1.302820899867343e-08,0
1.502820899867343e-08,0.9,1.502820899867343e-08,0,1.502820899867343e-08,0.89987062242981,1.502820899867343e-08,1.373169903396539e-05,1.502820899867343e-08,0
1.702820899867343e-08,0.9,1.702820899867343e-08,0,1.702820899867343e-08,0.8998712229278488,1.702820899867343e-08,1.340830137068137e-05,1.702820899867343e-08,0
1.851410449933672e-08,0.9,1.851410449933672e-08,0,1.851410449933672e-08,0.8998706434660713,1.851410449933672e-08,1.374055562334705e-05,1.851410449933672e-08,0
2e-08,0.9,2e-08,0,2e-08,0.8998711990760376,2e-08,1.339811766312579e-05,2e-08,0
2.002334305488398e-08,0.9,2.002334305488398e-08,0,2.002334305488398e-08,0.905561377399019,2.002334305488398e-08,0.004640811373242978,2.002334305488398e-08,0.2100874939558141
2.004691984871947e-08,0.9,2.004691984871947e-08,0,2.004691984871947e-08,0.9068750135231202,2.004691984871947e-08,0.005200441830466246,2.004691984871947e-08,0.4222786384752026
2.007345992435973e-08,0.9,2.007345992435973e-08,0,2.007345992435973e-08,0.9061022563670708,2.007345992435973e-08,0.003561144105315124,2.007345992435973e-08,0.6611393192376053
2.01e-08,0.9,2.01e-08,0,2.01e-08,0.9066226759739583,2.01e-08,0.003389395646358902,2.01e-08,0.9
2.010353451490188e-08,0.8681893658830756,2.010353451490188e-08,0.03181063411692447,2.010353451490188e-08,0.9064838929333647,2.010353451490188e-08,0.01012697169490984,2.010353451490188e-08,0.9
2.011024956159386e-08,0.8077539456552587,2.011024956159386e-08,0.0922460543447413,2.011024956159386e-08,0.9094732275037899,2.011024956159386e-08,0.03225706175425659,2.011024956159386e-08,0.9
2.01166982427079e-08,0.7497158156289001,2.01166982427079e-08,0.1502841843710999,2.01166982427079e-08,0.9123785509196376,2.01166982427079e-08,0.05871542631833446,2.01166982427079e-08,0.9
2.012411409491048e-08,0.6829731458056874,2.012411409491048e-08,0.2170268541943126,2.012411409491048e-08,0.9120658955578506,2.012411409491048e-08,0.08447887450932724,2.012411409491048e-08,0.9
2.013158840109001e-08,0.6157043901899397,2.013158840109001e-08,0.2842956098100604,2.013158840109001e-08,0.910085146091409,2.013158840109001e-08,0.1069030299929074,2.013158840109001e-08,0.9
2.014452472233781e-08,0.4992774989597304,2.014452472233781e-08,0.4007225010402696,2.014452472233781e-08,0.8969526687061193,2.014452472233781e-08,0.1304222405413062,2.014452472233781e-08,0.9
2.015774865310771e-08,0.3802621220306042,2.015774865310771e-08,0.5197378779693959,2.015774865310771e-08,0.8657683487992514,2.015774865310771e-08,0.1399095897095455,2.015774865310771e-08,0.9
2.017337623616578e-08,0.2396138745079516,2.017337623616578e-08,0.6603861254920484,2.017337623616578e-08,0.7917673655937728,2.017337623616578e-08,0.1484939095855779,2.017337623616578e-08,0.9
2.018665685570041e-08,0.1200882986962862,2.018665685570041e-08,0.7799117013037138,2.018665685570041e-08,0.6694503624395249,2.018665685570041e-08,0.1645286208362433,2.018665685570041e-08,0.9
2.019332842785021e-08,0.06004414934813906,2.019332842785021e-08,0.839955850651861,2.019332842785021e-08,0.5746203934245059,2.019332842785021e-08,0.1830367773190739,2.019332842785021e-08,0.9
2.02e-08,0,2.02e-08,0.9,2.02e-08,0.4475977944079766,2.02e-08,0.2215508762985054,2.02e-08,0.9
2.020220455307952e-08,0,2.020220455307952e-08,0.9,2.020220455307952e-08,0.3998215391904067,2.020220455307952e-08,0.2427827662138566,2.020220455307952e-08,0.9
2.020543254027653e-08,0,2.020543254027653e-08,0.9,2.020543254027653e-08,0.3303273729101567,2.020543254027653e-08,0.2779673604543672,2.020543254027653e-08,0.9
2.020840206829166e-08,0,2.020840206829166e-08,0.9,2.020840206829166e-08,0.2676653998722306,2.020840206829166e-08,0.3165716471694063,2.020840206829166e-08,0.9
2.021399558413105e-08,0,2.021399558413105e-08,0.9,2.021399558413105e-08,0.1634701128937406,2.021399558413105e-08,0.4023305583097433,2.021399558413105e-08,0.9
2.021877250624738e-08,0,2.021877250624738e-08,0.9,2.021877250624738e-08,0.09930864474853582,2.021877250624738e-08,0.4873726961388217,2.021877250624738e-08,0.9
2.022381781779698e-08,0,2.022381781779698e-08,0.9,2.022381781779698e-08,0.05894390342806777,2.022381781779698e-08,0.5843157074811912,2.022381781779698e-08,0.9
2.023074566148256e-08,0,2.023074566148256e-08,0.9,2.023074566148256e-08,0.03278573566773058,2.023074566148256e-08,0.7138378051436579,2.023074566148256e-08,0.9
2.023625764232611e-08,0,2.023625764232611e-08,0.9,2.023625764232611e-08,0.02182019285890071,2.023625764232611e-08,0.7962801814597116,2.023625764232611e-08,0.9
2.024149115841461e-08,0,2.024149115841461e-08,0.9,2.024149115841461e-08,0.01297761614909883,2.024149115841461e-08,0.8460856011130049,2.024149115841461e-08,0.9
2.024711664739872e-08,0,2.024711664739872e-08,0.9,2.024711664739872e-08,0.006420000186291563,2.024711664739872e-08,0.8746894327650613,2.024711664739872e-08,0.9
2.02541253149096e-08,0,2.02541253149096e-08,0.9,2.02541253149096e-08,0.002391410571436773,2.02541253149096e-08,0.8906533372539689,2.02541253149096e-08,0.9
2.026007639502841e-08,0,2.026007639502841e-08,0.9,2.026007639502841e-08,0.001039278665296236,2.026007639502841e-08,0.8959662800032929,2.026007639502841e-08,0.9
2.026709644775567e-08,0,2.026709644775567e-08,0.9,2.026709644775567e-08,0.0003672334907409559,2.026709644775567e-08,0.8984910172894587,2.026709644775567e-08,0.9
2.027580115484018e-08,0,2.027580115484018e-08,0.9,2.027580115484018e-08,0.0001058547007251167,2.027580115484018e-08,0.8995261252354748,2.027580115484018e-08,0.9
2.02878807156565e-08,0,2.02878807156565e-08,0.9,2.02878807156565e-08,1.662595716577658e-05,2.02878807156565e-08,0.8998406597081114,2.02878807156565e-08,0.9
2.030562995754176e-08,0,2.030562995754176e-08,0.9,2.030562995754176e-08,1.223088985479723e-05,2.030562995754176e-08,0.8998812056967588,2.030562995754176e-08,0.9
2.033330468781699e-08,0,2.033330468781699e-08,0.9,2.033330468781699e-08,8.967293171438376e-06,2.033330468781699e-08,0.8998706711375992,2.033330468781699e-08,0.9
2.038731048477978e-08,0,2.038731048477978e-08,0.9,2.038731048477978e-08,1.287338447052073e-05,2.038731048477978e-08,0.8998764752065652,2.038731048477978e-08,0.9
2.049532207870536e-08,0,2.049532207870536e-08,0.9,2.049532207870536e-08,9.05170662359543e-06,2.049532207870536e-08,0.8998712003438849,2.049532207870536e-08,0.9
2.071134526655653e-08,0,2.071134526655653e-08,0.9,2.071134526655653e-08,1.350259752669526e-05,2.071134526655653e-08,0.8998762958193446,2.071134526655653e-08,0.9
2.114339164225886e-08,0,2.114339164225886e-08,0.9,2.114339164225886e-08,9.012703598871251e-06,2.114339164225886e-08,0.8998712574853794,2.114339164225886e-08,0.9
2.200748439366353e-08,0,2.200748439366353e-08,0.9,2.200748439366353e-08,1.353035815776785e-05,2.200748439366353e-08,0.8998762700540975,2.200748439366353e-08,0.9
2.373566989647286e-08,0,2.373566989647286e-08,0.9,2.373566989647286e-08,8.999119452831754e-06,2.373566989647286e-08,0.8998712696474761,2.373566989647286e-08,0.9
2.573566989647286e-08,0,2.573566989647286e-08,0.9,2.573566989647286e-08,1.353869673341858e-05,2.573566989647286e-08,0.8998762627421875,2.573566989647286e-08,0.9
2.773566989647286e-08,0,2.773566989647286e-08,0.9,2.773566989647286e-08,8.991449325557304e-06,2.773566989647286e-08,0.8998712762821859,2.773566989647286e-08,0.9
2.891783494823643e-08,0,2.891783494823643e-08,0.9,2.891783494823643e-08,1.35489199759274e-05,2.891783494823643e-08,0.8998762540491242,2.891783494823643e-08,0.9
3.01e-08,0,3.01e-08,0.9,3.01e-08,8.97872254343663e-06,3.01e-08,0.8998712869182237,3.01e-08,0.9
3.012112885209149e-08,0,3.012112885209149e-08,0.9,3.012112885209149e-08,-0.003485946074165096,3.012112885209149e-08,0.894379139933281,3.012112885209149e-08,0.7098403311765813
3.014328797529879e-08,0,3.014328797529879e-08,0.9,3.014328797529879e-08,-0.004327153272144869,3.014328797529879e-08,0.8927779599948164,3.014328797529879e-08,0.5104082223109312
3.017164398764939e-08,0,3.017164398764939e-08,0.9,3.017164398764939e-08,-0.004873656593445049,3.017164398764939e-08,0.893324781121318,3.017164398764939e-08,0.255204111155469
3.02e-08,0,3.02e-08,0.9,3.02e-08,-0.005223742130081897,3.02e-08,0.8931763154242641,3.02e-08,0
3.020342129974551e-08,0,3.020342129974551e-08,0.9,3.020342129974551e-08,-0.002113005465140318,3.020342129974551e-08,0.8965041417323359,3.020342129974551e-08,0
3.021000438359812e-08,0,3.021000438359812e-08,0.9,3.021000438359812e-08,0.0005489360237318164,3.021000438359812e-08,0.8996698455803562,3.021000438359812e-08,0
3.021667709052374e-08,0,3.021667709052374e-08,0.9,3.021667709052374e-08,0.0001180588461468894,3.021667709052374e-08,0.8996608362716646,3.021667709052374e-08,0
3.02278836732514e-08,0,3.02278836732514e-08,0.9,3.02278836732514e-08,4.898499543946792e-05,3.02278836732514e-08,0.8998360215543325,3.02278836732514e-08,0
3.023883620628307e-08,0,3.023883620628307e-08,0.9,3.023883620628307e-08,1.840521362190053e-05,3.023883620628307e-08,0.8998597934342388,3.023883620628307e-08,0
3.026074127234643e-08,0,3.026074127234643e-08,0.9,3.026074127234643e-08,1.335869520615917e-05,3.026074127234643e-08,0.8998725683296052,3.026074127234643e-08,0
3.030455140447313e-08,0,3.030455140447313e-08,0.9,3.030455140447313e-08,1.374650247072188e-05,3.030455140447313e-08,0.899870227537452,3.030455140447313e-08,0
3.039217166872655e-08,0,3.039217166872655e-08,0.9,3.039217166872655e-08,1.334724884815859e-05,3.039217166872655e-08,0.8998713383918255,3.039217166872655e-08,0
3.056741219723337e-08,0,3.056741219723337e-08,0.9,3.056741219723337e-08,1.38285592374576e-05,3.056741219723337e-08,0.8998706336184868,3.056741219723337e-08,0
3.091789325424703e-08,0,3.091789325424703e-08,0.9,3.091789325424703e-08,1.329825593385443e-05,3.091789325424703e-08,0.8998711678174126,3.091789325424703e-08,0
3.161885536827433e-08,0,3.161885536827433e-08,0.9,3.161885536827433e-08,1.385428248373758e-05,3.161885536827433e-08,0.8998707122796477,3.161885536827433e-08,0
3.302077959632894e-08,0,3.302077959632894e-08,0.9,3.302077959632894e-08,1.328516037826568e-05,3.302077959632894e-08,0.8998711299936739,3.302077959632894e-08,0
3.502077959632894e-08,0,3.502077959632894e-08,0.9,3.502077959632894e-08,1.386176897162768e-05,3.502077959632894e-08,0.8998707332852622,3.502077959632894e-08,0
3.702077959632894e-08,0,3.702077959632894e-08,0.9,3.702077959632894e-08,1.327896097126888e-05,3.702077959632894e-08,0.899871112903236,3.702077959632894e-08,0
3.851038979816447e-08,0,3.851038979816447e-08,0.9,3.851038979816447e-08,1.386906112892752e-05,3.851038979816447e-08,0.8998707530570013,3.851038979816447e-08,0
4e-08,0,4e-08,0.9,4e-08,1.327056915486837e-05,4e-08,0.8998710905177927,4e-08,0
4.000625e-08,0.05625000000000422,4.000625e-08,0.8437499999999958,4.000625e-08,0.003820682776159456,4.000625e-08,0.9040919635206817,4.000625e-08,0.05625000000000422
4.001608758841293e-08,0.1447882957163386,4.001608758841293e-08,0.7552117042836614,4.001608758841293e-08,0.006094103286244238,4.001608758841293e-08,0.9068253421343001,4.001608758841293e-08,0.1447882957163386
4.002941803246096e-08,0.264762292148671,4.002941803246096e-08,0.635237707851329,4.002941803246096e-08,0.008271589463248106,4.002941803246096e-08,0.907050945292348,4.002941803246096e-08,0.264762292148671
4.004293325449643e-08,0.3863992904678394,4.004293325449643e-08,0.5136007095321606,4.004293325449643e-08,0.01869699094621938,4.004293325449643e-08,0.9091482652878308,4.004293325449643e-08,0.3863992904678394
4.005721021268279e-08,0.5148919141451312,4.005721021268279e-08,0.3851080858548688,4.005721021268279e-08,0.03869302606960942,4.005721021268279e-08,0.9113850665102805,4.005721021268279e-08,0.5148919141451312
4.006848263535305e-08,0.6163437181774221,4.006848263535305e-08,0.283656281822578,4.006848263535305e-08,0.05940795812365557,4.006848263535305e-08,0.9081014211371292,4.006848263535305e-08,0.6163437181774221
4.007644720539298e-08,0.6880248485367884,4.007644720539298e-08,0.2119751514632117,4.007644720539298e-08,0.07432441173459074,4.007644720539298e-08,0.8909589023715613,4.007644720539298e-08,0.6880248485367884
4.008574058235304e-08,0.7716652411773564,4.008574058235304e-08,0.1283347588226437,4.008574058235304e-08,0.09347373766970486,4.008574058235304e-08,0.8384176339342089,4.008574058235304e-08,0.7716652411773564
4.009406529658552e-08,0.8465876692696284,4.009406529658552e-08,0.05341233073037166,4.009406529658552e-08,0.1157519364279186,4.009406529658552e-08,0.748212580133312,4.009406529658552e-08,0.8465876692696284
4.01e-08,0.9,4.01e-08,0,4.01e-08,0.1382522642590322,4.01e-08,0.6452898446554511,4.01e-08,0.9
4.010209949946311e-08,0.9,4.010209949946311e-08,0,4.010209949946311e-08,0.1472274351698522,4.010209949946311e-08,0.5993699638974818,4.010209949946311e-08,0.9
4.010527540628608e-08,0.9,4.010527540628608e-08,0,4.010527540628608e-08,0.1657565891258945,4.010527540628608e-08,0.5325445708040274,4.010527540628608e-08,0.9
4.010807537291875e-08,0.9,4.010807537291875e-08,0,4.010807537291875e-08,0.1894207761893419,4.010807537291875e-08,0.476779717413895,4.010807537291875e-08,0.9
4.011303075490892e-08,0.9,4.011303075490892e-08,0,4.011303075490892e-08,0.2429602439039016,4.011303075490892e-08,0.3782167014637901,4.011303075490892e-08,0.9
4.01179747901343e-08,0.9,4.01179747901343e-08,0,4.01179747901343e-08,0.3074348455942835,4.01179747901343e-08,0.2774913848750838,4.01179747901343e-08,0.9
4.01247532839972e-08,0.9,4.01247532839972e-08,0,4.01247532839972e-08,0.4127075113579352,4.01247532839972e-08,0.1543494255301526,4.01247532839972e-08,0.9
4.012993027218056e-08,0.9,4.012993027218056e-08,0,4.012993027218056e-08,0.506091032126821,4.012993027218056e-08,0.08934038255509749,4.012993027218056e-08,0.9
4.013491666089336e-08,0.9,4.013491666089336e-08,0,4.013491666089336e-08,0.6025979721967274,4.013491666089336e-08,0.05397404951135588,4.013491666089336e-08,0.9
4.01423293289409e-08,0.9,4.01423293289409e-08,0,4.01423293289409e-08,0.7372071242935367,4.01423293289409e-08,0.02946052766808232,4.01423293289409e-08,0.9
4.014768327460598e-08,0.9,4.014768327460598e-08,0,4.014768327460598e-08,0.8106412995582833,4.014768327460598e-08,0.01959661553987828,4.014768327460598e-08,0.9
4.015296251264709e-08,0.9,4.015296251264709e-08,0,4.015296251264709e-08,0.8544683206500763,4.015296251264709e-08,0.01115078201382516,4.015296251264709e-08,0.9
4.015911860100859e-08,0.9,4.015911860100859e-08,0,4.015911860100859e-08,0.8804583748556362,4.015911860100859e-08,0.005021367221439184,4.015911860100859e-08,0.9
4.016530564198644e-08,0.9,4.016530564198644e-08,0,4.016530564198644e-08,0.8917756691140656,4.016530564198644e-08,0.002091634566731562,4.016530564198644e-08,0.9
4.017146882570297e-08,0.9,4.017146882570297e-08,0,4.017146882570297e-08,0.8965675670257923,4.017146882570297e-08,0.0008856450521937229,4.017146882570297e-08,0.9
4.017863514317046e-08,0.9,4.017863514317046e-08,0,4.017863514317046e-08,0.8987277910008618,4.017863514317046e-08,0.0003027059501422391,4.017863514317046e-08,0.9
4.018806504051051e-08,0.9,4.018806504051051e-08,0,4.018806504051051e-08,0.8996330195375422,4.018806504051051e-08,7.991966816689499e-05,4.018806504051051e-08,0.9
4.020086431094679e-08,0.9,4.020086431094679e-08,0,4.020086431094679e-08,0.8998565041199823,4.020086431094679e-08,1.154434914266231e-05,4.020086431094679e-08,0.9
4.021983444730015e-08,0.9,4.021983444730015e-08,0,4.021983444730015e-08,0.8998809482395377,4.021983444730015e-08,1.384935266439332e-05,4.021983444730015e-08,0.9
4.025059546081398e-08,0.9,4.025059546081398e-08,0,4.025059546081398e-08,0.8998694948177322,4.025059546081398e-08,8.420073026480077e-06,4.025059546081398e-08,0.9
4.03117477381652e-08,0.9,4.03117477381652e-08,0,4.03117477381652e-08,0.8998785973481778,4.03117477381652e-08,1.473740710065197e-05,4.03117477381652e-08,0.9
4.043405229286765e-08,0.9,4.043405229286765e-08,0,4.043405229286765e-08,0.899870303821258,4.043405229286765e-08,8.215667035615655e-06,4.043405229286765e-08,0.9
4.067866140227254e-08,0.9,4.067866140227254e-08,0,4.067866140227254e-08,0.8998783062422445,4.067866140227254e-08,1.480923752312895e-05,4.067866140227254e-08,0.9
4.116787962108232e-08,0.9,4.116787962108232e-08,0,4.116787962108232e-08,0.899870428524934,4.116787962108232e-08,8.185382306402116e-06,4.116787962108232e-08,0.9
4.214631605870189e-08,0.9,4.214631605870189e-08,0,4.214631605870189e-08,0.8998782484023505,4.214631605870189e-08,1.482315590904032e-05,4.214631605870189e-08,0.9
4.410318893394101e-08,0.9,4.410318893394101e-08,0,4.410318893394101e-08,0.8998704563932867,4.410318893394101e-08,8.178709056924383e-06,4.410318893394101e-08,0.9
4.610318893394101e-08,0.9,4.610318893394101e-08,0,4.610318893394101e-08,0.8998782304213913,4.610318893394101e-08,1.482744851099877e-05,4.610318893394101e-08,0.9
4.810318893394101e-08,0.9,4.810318893394101e-08,0,4.810318893394101e-08,0.8998704739228773,4.810318893394101e-08,8.174532833495797e-06,4.810318893394101e-08,0.9
5.010000000000001e-08,0.9,5.010000000000001e-08,0,5.010000000000001e-08,0.8998782131270397,5.010000000000001e-08,1.483156011672038e-05,5.010000000000001e-08,0.9
5.012701989054353e-08,0.9,5.012701989054353e-08,0,5.012701989054353e-08,0.8941614464750743,5.012701989054353e-08,-0.003657743578954949,5.012701989054353e-08,0.6568209851082045
5.015312693410723e-08,0.9,5.015312693410723e-08,0,5.015312693410723e-08,0.8927682127706614,5.015312693410723e-08,-0.004611403937724265,5.015312693410723e-08,0.4218575930349704
5.020000000000001e-08,0.9,5.020000000000001e-08,0,5.020000000000001e-08,0.8934862929851141,5.020000000000001e-08,-0.004895348801302893,5.020000000000001e-08,0
5.020565463929907e-08,0.9,5.020565463929907e-08,0,5.020565463929907e-08,0.897400675684659,5.020565463929907e-08,-0.001371381307534732,5.020565463929907e-08,0
5.021485712691565e-08,0.9,5.021485712691565e-08,0,5.021485712691565e-08,0.9000559248007759,5.021485712691565e-08,0.0006614280729725531,5.021485712691565e-08,0
5.02241026323329e-08,0.9,5.02241026323329e-08,0,5.02241026323329e-08,0.8996867726092886,5.02241026323329e-08,-5.900164178564778e-05,5.02241026323329e-08,0
5.023904750995354e-08,0.9,5.023904750995354e-08,0,5.023904750995354e-08,0.8999153201989429,5.023904750995354e-08,7.441103055194191e-05,5.023904750995354e-08,0
5.025421806094513e-08,0.9,5.025421806094513e-08,0,5.025421806094513e-08,0.8998464064177933,5.025421806094513e-08,-1.250061671086069e-05,5.025421806094513e-08,0
5.028126969925269e-08,0.9,5.028126969925269e-08,0,5.028126969925269e-08,0.899886587005336,5.028126969925269e-08,3.111475956506357e-05,5.028126969925269e-08,0
5.033313605647828e-08,0.9,5.033313605647828e-08,0,5.033313605647828e-08,0.8998582884704006,5.033313605647828e-08,6.406128418468167e-08,5.033313605647828e-08,0
5.042779608020656e-08,0.9,5.042779608020656e-08,0,5.042779608020656e-08,0.8998819219837821,5.042779608020656e-08,2.616668058436734e-05,5.042779608020656e-08,0
5.061711612766313e-08,0.9,5.061711612766313e-08,0,5.061711612766313e-08,0.8998604158656029,5.061711612766313e-08,2.364521616871258e-06,5.061711612766313e-08,0
5.099575622257627e-08,0.9,5.099575622257627e-08,0,5.099575622257627e-08,0.8998809385794179,5.099575622257627e-08,2.509560802013493e-05,5.099575622257627e-08,0
5.175303641240254e-08,0.9,5.175303641240254e-08,0,5.175303641240254e-08,0.8998608890167559,5.175303641240254e-08,2.881395813034246e-06,5.175303641240254e-08,0
5.326759679205508e-08,0.9,5.326759679205508e-08,0,5.326759679205508e-08,0.8998807064684536,5.326759679205508e-08,2.484170046420276e-05,5.326759679205508e-08,0
5.526759679205508e-08,0.9,5.526759679205508e-08,0,5.526759679205508e-08,0.8998610235641656,5.526759679205508e-08,3.02868432957166e-06,5.526759679205508e-08,0
5.726759679205508e-08,0.9,5.726759679205508e-08,0,5.726759679205508e-08,0.8998805912729445,5.726759679205508e-08,2.471553983564648e-05,5.726759679205508e-08,0
5.863379839602754e-08,0.9,5.863379839602754e-08,0,5.863379839602754e-08,0.8998611644841927,5.863379839602754e-08,3.183090236886051e-06,5.863379839602754e-08,0
6.000000000000001e-08,0.9,6.000000000000001e-08,0,6.000000000000001e-08,0.8998804249943967,6.000000000000001e-08,2.453326474399274e-05,6.000000000000001e-08,0
6.002259439830997e-08,0.9,6.002259439830997e-08,0,6.002259439830997e-08,0.9055380672480211,6.002259439830997e-08,0.004641237875233647,6.002259439830997e-08,0.2033495847896416
6.004576669910184e-08,0.9,6.004576669910184e-08,0,6.004576669910184e-08,0.9068825830086447,6.004576669910184e-08,0.005241676764840993,6.004576669910184e-08,0.4119002919164704
6.007288334955092e-08,0.9,6.007288334955092e-08,0,6.007288334955092e-08,0.906096021796523,6.007288334955092e-08,0.003581073103369425,6.007288334955092e-08,0.6559501459582094
6.01e-08,0.9,6.01e-08,0,6.01e-08,0.9066255667937785,6.01e-08,0.00338829225361215,6.01e-08,0.8999999999999485
6.010357608510708e-08,0.8678152340362827,6.010357608510708e-08,0.03218476596371734,6.010357608510708e-08,0.9065056873498923,6.010357608510708e-08,0.01026874550092848,6.010357608510708e-08,0.9
6.011035625434445e-08,0.8067937108999335,6.011035625434445e-08,0.09320628910006652,6.011035625434445e-08,0.9095219944091792,6.011035625434445e-08,0.03267548157740671,6.011035625434445e-08,0.9
6.01169009022859e-08,0.7478918794269032,6.01169009022859e-08,0.1521081205730969,6.01169009022859e-08,0.9124118475420945,6.01169009022859e-08,0.05948002012392324,6.01169009022859e-08,0.9
6.012437314314564e-08,0.680641711689296,6.012437314314564e-08,0.219358288310704,6.012437314314564e-08,0.9120319230004023,6.012437314314564e-08,0.08532773675437208,6.012437314314564e-08,0.9
6.013191931920573e-08,0.6127261271484905,6.013191931920573e-08,0.2872738728515096,6.013191931920573e-08,0.9099243856841489,6.013191931920573e-08,0.107755747040752,6.013191931920573e-08,0.9
6.014504700309999e-08,0.4945769721000763,6.014504700309999e-08,0.4054230278999237,6.014504700309999e-08,0.896091934147362,6.014504700309999e-08,0.1310082858847089,6.014504700309999e-08,0.9
6.015841387638315e-08,0.374275112551704,6.015841387638315e-08,0.525724887448296,6.015841387638315e-08,0.8635762757935586,6.015841387638315e-08,0.1402243020630599,6.015841387638315e-08,0.9
6.017371309452812e-08,0.2365821492469357,6.017371309452812e-08,0.6634178507530644,6.017371309452812e-08,0.7895974661493584,6.017371309452812e-08,0.1487227676308849,6.017371309452812e-08,0.9
6.018702075429886e-08,0.116813211310324,6.018702075429886e-08,0.7831867886896761,6.018702075429886e-08,0.6648972432819636,6.018702075429886e-08,0.1652904818883825,6.018702075429886e-08,0.9
6.019351037714943e-08,0.05840660565518774,6.019351037714943e-08,0.8415933943448123,6.019351037714943e-08,0.5715411008323337,6.019351037714943e-08,0.1838026014111852,6.019351037714943e-08,0.9
6.02e-08,5.151434834260726e-14,6.02e-08,0.8999999999999485,6.02e-08,0.4475787539504351,6.02e-08,0.221510681784799,6.02e-08,0.9
6.020218703210794e-08,0,6.020218703210794e-08,0.9,6.020218703210794e-08,0.4001918955964542,6.020218703210794e-08,0.2425578482860828,6.020218703210794e-08,0.9
6.020536427894816e-08,0,6.020536427894816e-08,0.9,6.020536427894816e-08,0.3317993300064804,6.020536427894816e-08,0.2771161287382934,6.020536427894816e-08,0.9
6.020829098021702e-08,0,6.020829098021702e-08,0.9,6.020829098021702e-08,0.2699879847174122,6.020829098021702e-08,0.3150192447371526,6.020829098021702e-08,0.9
6.021384427596917e-08,0,6.021384427596917e-08,0.9,6.021384427596917e-08,0.1659534170485119,6.021384427596917e-08,0.3997763746513597,6.021384427596917e-08,0.9
6.021863466138179e-08,0,6.021863466138179e-08,0.9,6.021863466138179e-08,0.1007878562527938,6.021863466138179e-08,0.484776558784023,6.021863466138179e-08,0.9
6.022366185875048e-08,0,6.022366185875048e-08,0.9,6.022366185875048e-08,0.05984691525841573,6.022366185875048e-08,0.581249290531012,6.022366185875048e-08,0.9
6.023062558353367e-08,0,6.023062558353367e-08,0.9,6.023062558353367e-08,0.03306743344330471,6.023062558353367e-08,0.711728033671098,6.023062558353367e-08,0.9
6.02361643388416e-08,0,6.02361643388416e-08,0.9,6.02361643388416e-08,0.0219961187461233,6.02361643388416e-08,0.7951167639151162,6.02361643388416e-08,0.9
6.024140711363399e-08,0,6.024140711363399e-08,0.9,6.024140711363399e-08,0.01310567104907924,6.024140711363399e-08,0.8454840497185213,6.024140711363399e-08,0.9
6.024699445126148e-08,0,6.024699445126148e-08,0.9,6.024699445126148e-08,0.006526266007775947,6.024699445126148e-08,0.8742468340439326,6.024699445126148e-08,0.9
6.025410185683203e-08,0,6.025410185683203e-08,0.9,6.025410185683203e-08,0.002395387421130698,6.025410185683203e-08,0.8906422708445721,6.025410185683203e-08,0.9
6.02600398109457e-08,0,6.02600398109457e-08,0.9,6.02600398109457e-08,0.00104237093097562,6.02600398109457e-08,0.8959530387420857,6.02600398109457e-08,0.9
6.026705998853412e-08,0,6.026705998853412e-08,0.9,6.026705998853412e-08,0.0003686971273873239,6.026705998853412e-08,0.8984872441318795,6.026705998853412e-08,0.9
6.027571926670658e-08,0,6.027571926670658e-08,0.9,6.027571926670658e-08,0.0001067536983794669,6.027571926670658e-08,0.8995213668266342,6.027571926670658e-08,0.9
6.028778227601371e-08,0,6.028778227601371e-08,0.9,6.028778227601371e-08,1.709630525887523e-05,6.028778227601371e-08,0.8998401850911436,6.028778227601371e-08,0.9
6.030548113311734e-08,0,6.030548113311734e-08,0.9,6.030548113311734e-08,1.198358661160789e-05,6.030548113311734e-08,0.8998810142954072,6.030548113311734e-08,0.9
6.033305822287249e-08,0,6.033305822287249e-08,0.9,6.033305822287249e-08,9.198339622909686e-06,6.033305822287249e-08,0.8998708528710243,6.033305822287249e-08,0.9
6.038664706442665e-08,0,6.038664706442665e-08,0.9,6.038664706442665e-08,1.26938600885508e-05,6.038664706442665e-08,0.8998762397062841,6.038664706442665e-08,0.9
6.049382474753497e-08,0,6.049382474753497e-08,0.9,6.049382474753497e-08,9.253088653720129e-06,6.049382474753497e-08,0.8998713451157156,6.049382474753497e-08,0.9
6.070818011375162e-08,0,6.070818011375162e-08,0.9,6.070818011375162e-08,1.330798748070026e-05,6.070818011375162e-08,0.8998760755336804,6.070818011375162e-08,0.9
6.113689084618492e-08,0,6.113689084618492e-08,0.9,6.113689084618492e-08,9.208989863281583e-06,6.113689084618492e-08,0.8998713959504716,6.113689084618492e-08,0.9
6.199431231105151e-08,0,6.199431231105151e-08,0.9,6.199431231105151e-08,1.333748713993054e-05,6.199431231105151e-08,0.8998760527982498,6.199431231105151e-08,0.9
6.37091552407847e-08,0,6.37091552407847e-08,0.9,6.37091552407847e-08,9.194539516404338e-06,6.37091552407847e-08,0.8998714066330571,6.37091552407847e-08,0.9
6.570915524078471e-08,0,6.570915524078471e-08,0.9,6.570915524078471e-08,1.334633118533291e-05,6.570915524078471e-08,0.8998760464158045,6.570915524078471e-08,0.9
6.770915524078471e-08,0,6.770915524078471e-08,0.9,6.770915524078471e-08,9.186434925051546e-06,6.770915524078471e-08,0.8998714123902655,6.770915524078471e-08,0.9
6.890457762039236e-08,0,6.890457762039236e-08,0.9,6.890457762039236e-08,1.335706476987633e-05,6.890457762039236e-08,0.899876038939307,6.890457762039236e-08,0.9
7.01e-08,0,7.01e-08,0.9,7.01e-08,9.173120172700733e-06,7.01e-08,0.8998714214819624,7.01e-08,0.9
7.012123818724212e-08,0,7.012123818724212e-08,0.9,7.012123818724212e-08,-0.003489076011153638,7.012123818724212e-08,0.894374250603864,7.012123818724212e-08,0.7088563148209415
7.014347395564223e-08,0,7.014347395564223e-08,0.9,7.014347395564223e-08,-0.00433200338713207,7.014347395564223e-08,0.8927775247018557,7.014347395564223e-08,0.5087343992200114
7.01717369778211e-08,0,7.01717369778211e-08,0.9,7.01717369778211e-08,-0.004877130554644715,7.01717369778211e-08,0.8933244653039772,7.01717369778211e-08,0.2543671996101282
7.019999999999999e-08,0,7.019999999999999e-08,0.9,7.019999999999999e-08,-0.005222870661927261,7.019999999999999e-08,0.8931770195243572,7.019999999999999e-08,1.258992909924928e-13
7.020341669421921e-08,0,7.020341669421921e-08,0.9,7.020341669421921e-08,-0.002114437573409056,7.020341669421921e-08,0.8965022705907201,7.020341669421921e-08,0
7.02099939478135e-08,0,7.02099939478135e-08,0.9,7.02099939478135e-08,0.0005482132185022598,7.02099939478135e-08,0.8996684093382011,7.02099939478135e-08,0
7.02166539002896e-08,0,7.02166539002896e-08,0.9,7.02166539002896e-08,0.0001187718058903947,7.02166539002896e-08,0.8996605935928482,7.02166539002896e-08,0
7.022785454901252e-08,0,7.022785454901252e-08,0.9,7.022785454901252e-08,4.897386243402054e-05,7.022785454901252e-08,0.8998357438796478,7.022785454901252e-08,0
7.02387966171968e-08,0,7.02387966171968e-08,0.9,7.02387966171968e-08,1.849022481739964e-05,7.02387966171968e-08,0.89985977657268,7.02387966171968e-08,0
7.026068075356538e-08,0,7.026068075356538e-08,0.9,7.026068075356538e-08,1.332834819196677e-05,7.026068075356538e-08,0.8998725446404375,7.026068075356538e-08,0
7.030444902630252e-08,0,7.030444902630252e-08,0.9,7.030444902630252e-08,1.377000169824571e-05,7.030444902630252e-08,0.8998702476179438,7.030444902630252e-08,0
7.039198557177682e-08,0,7.039198557177682e-08,0.9,7.039198557177682e-08,1.332635150875796e-05,7.039198557177682e-08,0.8998713202639296,7.039198557177682e-08,0
7.05670586627254e-08,0,7.05670586627254e-08,0.9,7.05670586627254e-08,1.384829065691558e-05,7.05670586627254e-08,0.8998706508918746,7.05670586627254e-08,0
7.091720484462258e-08,0,7.091720484462258e-08,0.9,7.091720484462258e-08,1.32790732459223e-05,7.091720484462258e-08,0.8998711510411782,7.091720484462258e-08,0
7.161749720841693e-08,0,7.161749720841693e-08,0.9,7.161749720841693e-08,1.387319367896231e-05,7.161749720841693e-08,0.8998707288929501,7.161749720841693e-08,0
7.301808193600563e-08,0,7.301808193600563e-08,0.9,7.301808193600563e-08,1.326637905778606e-05,7.301808193600563e-08,0.8998711135433398,7.301808193600563e-08,0
7.501808193600564e-08,0,7.501808193600564e-08,0.9,7.501808193600564e-08,1.388045232392522e-05,7.501808193600564e-08,0.8998707497069838,7.501808193600564e-08,0
7.701808193600564e-08,0,7.701808193600564e-08,0.9,7.701808193600564e-08,1.326036951115739e-05,7.701808193600564e-08,0.8998710966194683,7.701808193600564e-08,0
7.850904096800282e-08,0,7.850904096800282e-08,0.9,7.850904096800282e-08,1.388751983807874e-05,7.850904096800282e-08,0.8998707692748296,7.850904096800282e-08,0
8e-08,0,8e-08,0.9,8e-08,1.325223674819013e-05,8e-08,0.8998710744746106,8e-08,0
8.000625e-08,0.05625000000000422,8.000625e-08,0.8437499999999958,8.000625e-08,0.003820677609708549,8.000625e-08,0.9040919589872151,8.000625e-08,0.05625000000000422
8.00160877063868e-08,0.1447893574811576,8.00160877063868e-08,0.7552106425188424,8.00160877063868e-08,0.006094120133320265,8.00160877063868e-08,0.9068253586707821,8.00160877063868e-08,0.1447893574811576
8.002941833532092e-08,0.2647650178882412,8.002941833532092e-08,0.6352349821117588,8.002941833532092e-08,0.008271720478050778,8.002941833532092e-08,0.9070509681458148,8.002941833532092e-08,0.2647650178882412
8.004293372196383e-08,0.3864034976744269,8.004293372196383e-08,0.5135965023255731,8.004293372196383e-08,0.01869750074063173,8.004293372196383e-08,0.9091483431041681,8.004293372196383e-08,0.3864034976744269
8.005721094550136e-08,0.5148985095121841,8.005721094550136e-08,0.3851014904878159,8.005721094550136e-08,0.03869426973511117,8.005721094550136e-08,0.9113851531537595,8.005721094550136e-08,0.5148985095121841
8.006848337048623e-08,0.6163503343760856,8.006848337048623e-08,0.2836496656239145,8.006848337048623e-08,0.05940934904934252,8.006848337048623e-08,0.9081005986115589,8.006848337048623e-08,0.6163503343760856
8.007644813369215e-08,0.688033203229356,8.007644813369215e-08,0.211966796770644,8.007644813369215e-08,0.07432619366438326,8.007644813369215e-08,0.8909555496471459,8.007644813369215e-08,0.688033203229356
8.008574145844809e-08,0.7716731260328183,8.008574145844809e-08,0.1283268739671817,8.008574145844809e-08,0.09347576815819485,8.008574145844809e-08,0.8384106416679867,8.008574145844809e-08,0.7716731260328183
8.00940663465836e-08,0.8465971192523672,8.00940663465836e-08,0.05340288074763277,8.00940663465836e-08,0.1157552638569911,8.00940663465836e-08,0.7481974572519671,8.00940663465836e-08,0.8465971192523672
8.01e-08,0.8999999999999485,8.01e-08,5.151434834260726e-14,8.01e-08,0.1382521423647484,8.01e-08,0.645289975931539,8.01e-08,0.8999999999999485
8.010209945620317e-08,0.9,8.010209945620317e-08,0,8.010209945620317e-08,0.1472270872515845,8.010209945620317e-08,0.5993710099230527,8.010209945620317e-08,0.9
8.010527519755609e-08,0.9,8.010527519755609e-08,0,8.010527519755609e-08,0.1657549618891336,8.010527519755609e-08,0.5325489722415437,8.010527519755609e-08,0.9
8.010807496595826e-08,0.9,8.010807496595826e-08,0,8.010807496595826e-08,0.1894168454529314,8.010807496595826e-08,0.4767879439323591,8.010807496595826e-08,0.9
8.011303021557382e-08,0.9,8.011303021557382e-08,0,8.011303021557382e-08,0.2429536426524954,8.011303021557382e-08,0.3782277642030322,8.011303021557382e-08,0.9
8.011797422212985e-08,0.9,8.011797422212985e-08,0,8.011797422212985e-08,0.3074267533774377,8.011797422212985e-08,0.2775030995489821,8.011797422212985e-08,0.9
8.012475263484938e-08,0.9,8.012475263484938e-08,0,8.012475263484938e-08,0.4126962725765402,8.012475263484938e-08,0.154359676435698,8.012475263484938e-08,0.9
8.012992987017453e-08,0.9,8.012992987017453e-08,0,8.012992987017453e-08,0.506083178417545,8.012992987017453e-08,0.08934427894229989,8.012992987017453e-08,0.9
8.013491628162061e-08,0.9,8.013491628162061e-08,0,8.013491628162061e-08,0.6025903416983631,8.013491628162061e-08,0.05397598278966497,8.013491628162061e-08,0.9
8.014232798989342e-08,0.9,8.014232798989342e-08,0,8.014232798989342e-08,0.737186037049835,8.014232798989342e-08,0.02946363618371484,8.014232798989342e-08,0.9
8.014768206259831e-08,0.9,8.014768206259831e-08,0,8.014768206259831e-08,0.8106283784284306,8.014768206259831e-08,0.01959867963427332,8.014768206259831e-08,0.9
8.015296121882995e-08,0.9,8.015296121882995e-08,0,8.015296121882995e-08,0.8544606959118176,8.015296121882995e-08,0.01115248940823324,8.015296121882995e-08,0.9
8.01591168606194e-08,0.9,8.01591168606194e-08,0,8.01591168606194e-08,0.8804535580293679,8.01591168606194e-08,0.005022540412856241,8.01591168606194e-08,0.9
8.016530447887514e-08,0.9,8.016530447887514e-08,0,8.016530447887514e-08,0.8917743887221791,8.016530447887514e-08,0.002091972917576478,8.016530447887514e-08,0.9
8.01714674863967e-08,0.9,8.01714674863967e-08,0,8.01714674863967e-08,0.8965669386978473,8.01714674863967e-08,0.0008858062636776342,8.01714674863967e-08,0.9
8.017863371356218e-08,0.9,8.017863371356218e-08,0,8.017863371356218e-08,0.8987275601800571,8.017863371356218e-08,0.0003027684611938255,8.017863371356218e-08,0.9
8.018806299365502e-08,0.9,8.018806299365502e-08,0,8.018806299365502e-08,0.8996329314909005,8.018806299365502e-08,7.994049806950016e-05,8.018806299365502e-08,0.9
8.020086169544117e-08,0.9,8.020086169544117e-08,0,8.020086169544117e-08,0.8998564947248482,8.020086169544117e-08,1.15487974090148e-05,8.020086169544117e-08,0.9
8.021983069398068e-08,0.9,8.021983069398068e-08,0,8.021983069398068e-08,0.8998809483082384,8.021983069398068e-08,1.384754167877192e-05,8.021983069398068e-08,0.9
8.025058943126067e-08,0.9,8.025058943126067e-08,0,8.025058943126067e-08,0.8998694959822543,8.025058943126067e-08,8.421573805540185e-06,8.025058943126067e-08,0.9
8.031173667498046e-08,0.9,8.031173667498046e-08,0,8.031173667498046e-08,0.8998780975576065,8.031173667498046e-08,1.471687159573465e-05,8.031173667498046e-08,0.9
8.043403116242003e-08,0.9,8.043403116242003e-08,0,8.043403116242003e-08,0.8998707117152738,8.043403116242003e-08,8.253049443050474e-06,8.043403116242003e-08,0.9
8.067862013729919e-08,0.9,8.067862013729919e-08,0,8.067862013729919e-08,0.8998779384377584,8.067862013729919e-08,1.476579115850508e-05,8.067862013729919e-08,0.9
8.116779808705749e-08,0.9,8.116779808705749e-08,0,8.116779808705749e-08,0.8998707797154313,8.116779808705749e-08,8.231992612175217e-06,8.116779808705749e-08,0.9
8.214615398657409e-08,0.9,8.214615398657409e-08,0,8.214615398657409e-08,0.8998779069350803,8.214615398657409e-08,1.477557387641165e-05,8.214615398657409e-08,0.9
8.41028657856073e-08,0.9,8.41028657856073e-08,0,8.41028657856073e-08,0.8998707948852198,8.41028657856073e-08,8.227276186677018e-06,8.41028657856073e-08,0.9
8.610286578560731e-08,0.9,8.610286578560731e-08,0,8.610286578560731e-08,0.8998778971511041,8.610286578560731e-08,1.477861774826998e-05,8.610286578560731e-08,0.9
8.810286578560731e-08,0.9,8.810286578560731e-08,0,8.810286578560731e-08,0.8998708044210514,8.810286578560731e-08,8.224308345667983e-06,8.810286578560731e-08,0.9
9.009999999999999e-08,0.9,9.009999999999999e-08,0,9.009999999999999e-08,0.8998778877460792,9.009999999999999e-08,1.478154596484891e-05,9.009999999999999e-08,0.9
9.012702245861646e-08,0.9,9.012702245861646e-08,0,9.012702245861646e-08,0.8941613100167554,9.012702245861646e-08,-0.003657812231089981,9.012702245861646e-08,0.656797872451892
9.015313146946179e-08,0.9,9.015313146946179e-08,0,9.015313146946179e-08,0.8927682255430517,9.015313146946179e-08,-0.004611544381852605,9.015313146946179e-08,0.4218167748439057
9.019999999999999e-08,0.9,9.019999999999999e-08,0,9.019999999999999e-08,0.893486283163585,9.019999999999999e-08,-0.004895367270998738,9.019999999999999e-08,1.258992909924928e-13
9.02056547234192e-08,0.9,9.02056547234192e-08,0,9.02056547234192e-08,0.8974006951976033,9.02056547234192e-08,-0.001371371776973392,9.02056547234192e-08,0
9.021485741266033e-08,0.9,9.021485741266033e-08,0,9.021485741266033e-08,0.9000559488373282,9.021485741266033e-08,0.0006614374078069032,9.021485741266033e-08,0
9.022410255562365e-08,0.9,9.022410255562365e-08,0,9.022410255562365e-08,0.899686775656937,9.022410255562365e-08,-5.899606269833498e-05,9.022410255562365e-08,0
9.023904783870421e-08,0.9,9.023904783870421e-08,0,9.023904783870421e-08,0.8999153203410915,9.023904783870421e-08,7.440952681244959e-05,9.023904783870421e-08,0
9.025421856451968e-08,0.9,9.025421856451968e-08,0,9.025421856451968e-08,0.8998464065758346,9.025421856451968e-08,-1.250051297458699e-05,9.025421856451968e-08,0
9.028127043778517e-08,0.9,9.028127043778517e-08,0,9.028127043778517e-08,0.8998865869973267,9.028127043778517e-08,3.111473808067617e-05,9.028127043778517e-08,0
9.033313847822124e-08,0.9,9.033313847822124e-08,0,9.033313847822124e-08,0.8998582884156126,9.033313847822124e-08,6.394624650412836e-08,9.033313847822124e-08,0
9.042780153753719e-08,0.9,9.042780153753719e-08,0,9.042780153753719e-08,0.8998819221195574,9.042780153753719e-08,2.616679755956867e-05,9.042780153753719e-08,0
9.06171276561691e-08,0.9,9.06171276561691e-08,0,9.06171276561691e-08,0.8998604157577813,9.06171276561691e-08,2.36435234679007e-06,9.06171276561691e-08,0
9.099577989343292e-08,0.9,9.099577989343292e-08,0,9.099577989343292e-08,0.8998809387370493,9.099577989343292e-08,2.509574782420685e-05,9.099577989343292e-08,0
9.175308436796055e-08,0.9,9.175308436796055e-08,0,9.175308436796055e-08,0.8998608888990287,9.175308436796055e-08,2.881216107816201e-06,9.175308436796055e-08,0
9.326769331701581e-08,0.9,9.326769331701581e-08,0,9.326769331701581e-08,0.8998807066307978,9.326769331701581e-08,2.484184525214351e-05,9.326769331701581e-08,0
9.526769331701582e-08,0.9,9.526769331701582e-08,0,9.526769331701582e-08,0.8998610234456,9.526769331701582e-08,3.028503801476989e-06,9.526769331701582e-08,0
9.726769331701582e-08,0.9,9.726769331701582e-08,0,9.726769331701582e-08,0.8998805914338897,9.726769331701582e-08,2.47156830122433e-05,9.726769331701582e-08,0
9.86338466585079e-08,0.9,9.86338466585079e-08,0,9.86338466585079e-08,0.8998611643702765,9.86338466585079e-08,3.182914900117252e-06,9.86338466585079e-08,0
1e-07,0.9,1e-07,0,1e-07,0.8998804251474953,1e-07,2.453339920442438e-05,1e-07,0
